<?xml version="1.0"?>
<!DOCTYPE softwarelist SYSTEM "softwarelist.dtd">
<!--
license:CC0-1.0

NOTE:
- we treat supported="no" for something that have major issues everywhere,
  "partial" for stuff running on 1+ systems but don't on others.

TODO:
- Windows/Macintosh mix-ins;
- Verify and hookup for FM Towns;

-->
<softwarelist name="generic_cdrom" description="Cross-platform CD-ROM images">

<!-- !Games -->

	<!-- Windows 95, Direct X 3.0 (in cdrom under Instdx.exe) -->
	<software name="arabkid" supported="partial">
		<description>Arabian Kid (Japan)</description>
		<year>1996</year>
		<publisher>ASCII / Yellow Horn</publisher>
		<notes><![CDATA[
pc98: InstallShield is painfully slow unless floppy is inserted
]]></notes>
		<info name="alt_title" value="あらびあんKid" />
		<sharedfeat name="compatibility" value="ibmpc,pc98" />
		<part name="cdrom" interface="cdrom">
			<diskarea name="cdrom">
				<disk name="kid" sha1="a837c3f4cde66b244bccbae22cb1cec83df6698d" />
			</diskarea>
		</part>
	</software>

	<!-- Windows 95 -->
	<!-- Very slow on 486 -->
	<!-- TODO: has transparency issues on main menu -->
	<software name="clawj" supported="partial">
		<description>Claw (Japan v1.2)</description>
		<!-- '98 according to readme.txt -->
		<year>1998</year>
		<publisher>Monolith Productions</publisher>
		<notes><![CDATA[
pc98: InstallShield is painfully slow unless floppy is inserted
]]></notes>
		<info name="version" value="1.2" />
		<info name="alt_title" value="Captain Claw" />
		<info name="usage" value="pc98: relocate install location to A:" />
		<sharedfeat name="compatibility" value="ibmpc,pc98" />
		<part name="cdrom" interface="cdrom">
			<diskarea name="cdrom">
				<disk name="clawj" sha1="eb48e779ba6cb342fa661f3aa64df23149f16449" />
			</diskarea>
		</part>
	</software>

	<!-- Windows 95 -->
	<!-- 256 colors / 800x600 -->
	<software name="geolight" supported="partial">
		<description>Geo Light Moon (Japan v1.00)</description>
		<year>1997</year>
		<publisher>Nihon Softec / J-Ware</publisher>
		<notes><![CDATA[
pc98: requires a graphic accelerator for setting the intended resolution
]]></notes>
		<info name="version" value="1.00" />
		<info name="usage" value="Tick first two options to the left for sound" />
		<sharedfeat name="compatibility" value="ibmpc,pc98" />
		<part name="cdrom" interface="cdrom">
			<diskarea name="cdrom">
				<disk name="geolight" sha1="e49202c3ff76db5f7fb5f794655d40cc91acb4d9" />
			</diskarea>
		</part>
	</software>

	<!-- Windows 95 -->
	<!-- Pentium class 60 MHz minimum -->
	<!-- Japanese version of Hunter Hunted -->
	<software name="jakebrstj" supported="partial">
		<description>Jake Burst (Japan)</description>
		<year>1997</year>
		<publisher>Sierra / Pioneer Inc</publisher>
		<notes><![CDATA[
pc98: installer test detects pc9821ap2 CPU as 100 MHz
]]></notes>
		<info name="alt_title" value="ジェイクバースト" />
		<sharedfeat name="compatibility" value="ibmpc,pc98" />
		<part name="cdrom" interface="cdrom">
			<feature name="disk_label" value="SPRW·5015" />
			<diskarea name="cdrom">
				<disk name="jake_b" sha1="5efd03633979db40cd37a4c1ba1176cdb8b35c83" />
			</diskarea>
		</part>
	</software>

	<!-- Windows 95 -->
	<!-- Cannot be installed on non-Japanese OS -->
	<!-- Created from "Kotobuki.iso" size="90093568" crc="ff036452" sha1="ee62d7a2fa124b3535d0f1abc323a4aa3e1f1a35" -->
	<software name="kotobuki" supported="partial">
		<description>Kotobuki (Japan)</description>
		<year>1997</year>
		<publisher>C's Ware</publisher>
		<sharedfeat name="compatibility" value="ibmpc,pc98" />
		<part name="cdrom" interface="cdrom">
			<diskarea name="cdrom">
				<disk name="kotobuki" sha1="7b0afa327d4b4d4be2c1069e60d9679900db93b8" />
			</diskarea>
		</part>
	</software>

	<!-- Windows 95 -->
	<!-- Created from "KU2_IMPACT.cue" size="1107" crc="c08e9181" sha1="d051cf135a5c238ff0a44c08b85a9facfb453f54" -->
	<!-- Created from "KU2_IMPACT.bin" size="725053392" crc="6980d026" sha1="71ce80ba25d657968d914df9a834172b99487b4f" -->
	<software name="ku2impact" supported="partial">
		<description>KU2 Impact (Japan)</description>
		<year>1995</year>
		<publisher>Panther Software</publisher>
		<notes><![CDATA[
pc98: [PC-9801-86] joystick port doesn't work (does it need specifically a -118?)
]]></notes>
		<sharedfeat name="compatibility" value="ibmpc,pc98" />
		<part name="cdrom" interface="cdrom">
			<diskarea name="cdrom">
				<disk name="ku2impact" sha1="2e1f1c8ce81065fcdf2081daa97c72180243f1e0" />
			</diskarea>
		</part>
	</software>

	<!-- Windows 95J -->
	<software name="moon" supported="partial">
		<description>Moon (Japan)</description>
		<year>1998</year>
		<publisher>Over Rise</publisher>
		<notes><![CDATA[
pc98: has color issues on intro
]]></notes>
		<sharedfeat name="compatibility" value="ibmpc,pc98" />
		<part name="cdrom" interface="cdrom">
			<diskarea name="cdrom">
				<disk name="moon" sha1="fbed194fc5a070dd7be8dc20f990dda9e73a2322" />
			</diskarea>
		</part>
	</software>

	<!-- Windows 95 -->
	<!-- Pentium class -->
	<!-- Direct 3D -->
	<!-- Missing dependency on English Win 98, requires Japanese OS? -->
	<software name="moondrg" supported="partial">
		<description>Moon Dragon (Japan)</description>
		<year>1997</year>
		<publisher>Gaea</publisher>
		<notes><![CDATA[
pc98: has color and graphic issues during gameplay
]]></notes>
		<sharedfeat name="compatibility" value="ibmpc,pc98" />
		<part name="cdrom" interface="cdrom">
			<diskarea name="cdrom">
				<disk name="moondrg" sha1="fc79ee0bbc66f22c32fa4a171ba7c97094b195e6" />
			</diskarea>
		</part>
	</software>

	<!-- Source: http://redump.org/disc/92228/ -->
	<!-- <rom name="Dig, The (Japan).cue" size="82" crc="7127b717" sha1="d0ffba436592b115b8ab5eb3b400210562d8031e"/> -->
	<!-- <rom name="Dig, The (Japan).bin" size="778196832" crc="550c8138" sha1="3b3f8c72d86e380142299a91218139f32b34a682"/> -->
	<!-- Pentium 133 MHz -->
	<software name="thedig_jp" supported="partial">
		<description>The Dig (Japan)</description>
		<year>1995</year>
		<publisher>MicroMouse</publisher>
		<notes><![CDATA[
https://www.pcgamingwiki.com/wiki/The_Dig
pc98: access [PC-9801-73] registers
]]></notes>
		<info name="developer" value="LucasArts" />
		<info name="region" value="Japan" />
		<sharedfeat name="compatibility" value="ibmpc,pc98" />
		<part name="cdrom" interface="cdrom">
			<diskarea name="cdrom">
				<disk name="Dig, The (Japan)" sha1="0930e3f659a57797e81b8c4c4b3cce44948f7a8f" />
			</diskarea>
		</part>
	</software>

	<!-- Windows 95/98/ME/XP and Mac OS supported -->
	<!-- Requires 256 colors minimum otherwise they crashes at boot -->
	<software name="v16imagine" supported="partial">
		<description>Viper -V16- Imagine (International)</description>
		<year>2001</year>
		<publisher>Sogna / Hobibox Europe</publisher>
		<notes><![CDATA[
ibmpc: Has [8514] icon glitch
pc98: [PC-9801-86] offset sound in places (verify)
]]></notes>
		<info name="language" value="English" />
		<info name="language" value="German" />
		<info name="language" value="Italian" />
		<info name="language" value="Japanese" />
		<info name="language" value="Spanish" />
		<info name="usage" value="Requires at least 256 color depth" />
		<sharedfeat name="compatibility" value="ibmpc,pc98" />
		<part name="cdrom" interface="cdrom">
			<diskarea name="cdrom">
				<disk name="GX" sha1="5de4abf4a883a56ec389bb255d176b5a39a63420" />
			</diskarea>
		</part>
	</software>

	<software name="v16rise" supported="partial">
		<description>Viper -V16- RISE (International)</description>
		<year>2001</year>
		<publisher>Sogna / Hobibox Europe</publisher>
		<notes><![CDATA[
ibmpc: Has [8514] icon glitch
pc98: [PC-9801-86] offset sound in places (verify)
]]></notes>
		<info name="language" value="English" />
		<info name="language" value="German" />
		<info name="language" value="Italian" />
		<info name="language" value="Japanese" />
		<info name="language" value="Spanish" />
		<info name="usage" value="Requires at least 256 color depth" />
		<sharedfeat name="compatibility" value="ibmpc,pc98" />
		<part name="cdrom" interface="cdrom">
			<diskarea name="cdrom">
				<disk name="GX4" sha1="a600a961b5127d3a5ee368c20d9f54e6ede23b81" />
			</diskarea>
		</part>
	</software>

<!-- !Operating Systems -->

	<!-- dec/jensen.cpp and ibm/thinkpad8xx.cpp drivers (for alpha and prep) are not working -->
	<software name="winnt31" supported="partial">
		<description>Windows NT 3.1 (3.10.528.1, MSDN, en-US)</description> <!-- This SKU became "Workstation" in 3.5, 3.51, and 4.0 -->
		<year>1994</year>
		<publisher>Microsoft</publisher>
		<notes><![CDATA[
This floppy image is actually connected to the 1993 release, but it works.
None of the files changed on the CD are part of the floppy disk.
]]></notes>
		<info name="language" value="English"/>
		<sharedfeat name="compatibility" value="alpha,ibmpc,mipsr4000" />
		<part name="cdrom" interface="cdrom">
			<diskarea name="cdrom">
				<disk name="en-us windows nt 3.10.528.1 1994" sha1="2076b06f7a975903265a1498b69e7fe4932d196e"/>
			</diskarea>
		</part>
		<part name="flop1" interface="floppy_3_5">
			<dataarea name="flop" size="1474560">
				<rom name="en-us windows nt 3.10.528.1 3.5.img" size="1474560" crc="6501bf63" sha1="386d83a2e9fd758272cbbd0beb4148f9e238626e"/>
			</dataarea>
		</part>
		<part name="flop2" interface="floppy_5_25">
			<dataarea name="flop" size="1228800">
				<rom name="en-us windows nt 3.10.528.1 5.25.img" size="1228800" crc="fe626b7c" sha1="ecfcbfb44922987adea1c9ba01c282973d419596"/>
			</dataarea>
		</part>
	</software>

	<software name="winnt31o1" cloneof="winnt31" supported="partial">
		<description>Windows NT 3.1 (3.10.528.1, en-US)</description>
		<year>1993</year>
		<publisher>Microsoft</publisher>
		<info name="language" value="English"/>
		<sharedfeat name="compatibility" value="alpha,ibmpc,mipsr4000" />
		<part name="cdrom" interface="cdrom">
			<diskarea name="cdrom">
				<disk name="en-us windows nt 3.10.528.1" sha1="1601864708df96e3f4ff57329bc6e384cd000494"/>
			</diskarea>
		</part>
		<part name="flop1" interface="floppy_3_5">
			<dataarea name="flop" size="1474560">
				<rom name="en-us windows nt 3.10.528.1 3.5.img" size="1474560" crc="6501bf63" sha1="386d83a2e9fd758272cbbd0beb4148f9e238626e"/>
			</dataarea>
		</part>
		<part name="flop2" interface="floppy_5_25">
			<dataarea name="flop" size="1228800">
				<rom name="en-us windows nt 3.10.528.1 5.25.img" size="1228800" crc="fe626b7c" sha1="ecfcbfb44922987adea1c9ba01c282973d419596"/>
			</dataarea>
		</part>
	</software>

	<software name="winnt31o2" cloneof="winnt31">
		<description>Windows NT 3.1 (3.10.511.1, en-US)</description>
		<year>1993</year>
		<publisher>Microsoft</publisher>
		<info name="language" value="English"/>
		<sharedfeat name="compatibility" value="ibmpc,mipsr4000" />
		<part name="cdrom" interface="cdrom">
			<diskarea name="cdrom">
				<disk name="en-us windows nt 3.10.511.1" sha1="ce0cd139bf0b022e9d46d530b11cf0a7b32fa22b"/>
			</diskarea>
		</part>
		<part name="flop1" interface="floppy_3_5">
			<dataarea name="flop" size="1474560">
				<rom name="en-us windows nt 3.10.511.1 3.5.img" size="1474560" status="nodump"/>
			</dataarea>
		</part>
		<part name="flop2" interface="floppy_5_25">
			<dataarea name="flop" size="1228800">
				<rom name="en-us windows nt 3.10.511.1 5.25.img" size="1228800" crc="e1c5ab56" sha1="da770baa202d5ef0dc1800bb73bc836c1f0d6730"/>
			</dataarea>
		</part>
	</software>

	<software name="winnt31as" cloneof="winnt31" supported="partial">
		<description>Windows NT Advanced Server 3.1 (3.10.528.1, en-US)</description>
		<year>1993</year>
		<publisher>Microsoft</publisher>
		<notes><![CDATA[
While the standard (“Workstation”) edition was included in the MSDN 1994 set,
Advanced Server was not.  An updated Advanced Server build may not exist.
]]></notes>
		<info name="language" value="English"/>
		<sharedfeat name="compatibility" value="alpha,ibmpc,mipsr4000" />
		<part name="cdrom" interface="cdrom">
			<diskarea name="cdrom">
				<disk name="en-us windows nt advanced server 3.10.528.1" sha1="ccdc9056a1343198d95d6513e90f6037f73c7507"/>
			</diskarea>
		</part>
	</software>

	<software name="winnt31aso" cloneof="winnt31">
		<description>Windows NT Advanced Server 3.1 (3.10.511.1, en-US)</description>
		<year>1993</year>
		<publisher>Microsoft</publisher>
		<info name="language" value="English"/>
		<sharedfeat name="compatibility" value="ibmpc,mipsr4000" />
		<part name="cdrom" interface="cdrom">
			<diskarea name="cdrom">
				<disk name="en-us windows nt advanced server 3.10.511.1" sha1="afe907bfd1593a4d86a189ea1dd168cc803b0385"/>
			</diskarea>
		</part>
		<part name="flop1" interface="floppy_3_5">
			<dataarea name="flop" size="1474560">
				<rom name="en-us windows nt advanced server 3.10.511.1 3.5.img" size="1474560" crc="986a1b8e" sha1="7a9a549e25a504957523575970c3e01529647d7a"/>
			</dataarea>
		</part>
		<part name="flop2" interface="floppy_5_25">
			<dataarea name="flop" size="1228800">
				<rom name="en-us windows nt advanced server 3.10.511.1 5.25.img" size="1228800" crc="5e0a8239" sha1="989a4721e4f57c75131b4c3c746f8e86e73863ec"/>
			</dataarea>
		</part>
	</software>

	<!-- Language variants of the client version -->
	<software name="winnt31_dadk" cloneof="winnt31">
		<description>Windows NT 3.1 (3.10.528.1, MSDN, da-DK)</description>
		<year>1993</year>
		<publisher>Microsoft</publisher>
		<info name="language" value="Danish"/>
		<sharedfeat name="compatibility" value="ibmpc,mipsr4000" />
		<part name="cdrom" interface="cdrom">
			<diskarea name="cdrom">
				<disk name="da-dk windows nt 3.10.528.1" sha1="ae88ac0bbea68565189b6fdafe86f8e66ff9e9b4"/>
			</diskarea>
		</part>
	</software>

	<software name="winnt31_dede" cloneof="winnt31" supported="partial">
		<description>Windows NT 3.1 (3.10.511.1, MSDN, de-DE)</description>
		<year>1994</year>
		<publisher>Microsoft</publisher>
		<info name="language" value="German"/>
		<sharedfeat name="compatibility" value="alpha,ibmpc,mipsr4000" />
		<part name="cdrom" interface="cdrom">
			<diskarea name="cdrom">
				<disk name="de-de windows nt 3.10.511.1" sha1="5ea4098f8b0bf00bdb00af9d56a0ee2df01fdb13"/>
			</diskarea>
		</part>
		<part name="flop1" interface="floppy_3_5">
			<dataarea name="flop" size="1474560">
				<rom name="de-de windows nt 3.10.511.1 3.5.img" size="1474560" crc="d1a6c818" sha1="ee0e0ef42fb3a730f2f41482cba6126d518eaa9f" />
			</dataarea>
		</part>
		<part name="flop2" interface="floppy_5_25">
			<dataarea name="flop" size="1228800">
				<rom name="de-de windows nt 3.10.511 5.25.img" size="1228800" crc="1f49115b" sha1="03eee42ef26b65776a19e8d846fda36530b5a136" />
			</dataarea>
		</part>
	</software>

	<software name="winnt31_eses" cloneof="winnt31" supported="partial">
		<description>Windows NT 3.1 (3.10.511.1, MSDN, es-ES)</description>
		<year>1994</year>
		<publisher>Microsoft</publisher>
		<info name="language" value="Spanish"/>
		<sharedfeat name="compatibility" value="alpha,ibmpc,mipsr4000" />
		<part name="cdrom" interface="cdrom">
			<diskarea name="cdrom">
				<disk name="es-es windows nt 3.10.511.1" sha1="ff032060d15982d3724ea17b683faab8c4c07e27"/>
			</diskarea>
		</part>
		<part name="flop1" interface="floppy_3_5">
			<dataarea name="flop" size="1474560">
				<rom name="es-es windows nt 3.10.511 3.5.img" size="1474560" crc="005dc372" sha1="67fa4ba4109271b21c2c4e9a7874a92c77ade5d9" />
			</dataarea>
		</part>
		<part name="flop2" interface="floppy_5_25">
			<dataarea name="flop" size="1228800">
				<rom name="es-es windows nt 3.10.511 5.25.img" size="1228800" crc="dcbf2e9c" sha1="60fc9fcb41267fd7a1688f3f30d0517291954c52" />
			</dataarea>
		</part>
	</software>

	<software name="winnt31_fifi" cloneof="winnt31">
		<description>Windows NT 3.1 (3.10.528.1, MSDN, fi-FI)</description>
		<year>1994</year>
		<publisher>Microsoft</publisher>
		<info name="language" value="Finnish"/>
		<sharedfeat name="compatibility" value="ibmpc,mipsr4000" />
		<part name="cdrom" interface="cdrom">
			<diskarea name="cdrom">
				<disk name="fi-fi windows nt 3.10.528.1" sha1="9249745d9f6ed9bfd0a10e31e53b886adf6c4991"/>
			</diskarea>
		</part>
	</software>

	<software name="winnt31_frfr" cloneof="winnt31" supported="partial">
		<description>Windows NT 3.1 (3.10.511.1, MSDN, fr-FR)</description>
		<year>1994</year>
		<publisher>Microsoft</publisher>
		<info name="language" value="French"/>
		<sharedfeat name="compatibility" value="alpha,ibmpc,mipsr4000" />
		<part name="cdrom" interface="cdrom">
			<diskarea name="cdrom">
				<disk name="fr-fr windows nt 3.10.511.1" sha1="9a6a6ade986a9ebaf2d84d0b47cb904496656e38"/>
			</diskarea>
		</part>
		<part name="flop1" interface="floppy_3_5">
			<dataarea name="flop" size="1474560">
				<rom name="fr-fr windows nt 3.10.511.1 3.5.img" size="1474560" crc="b49c31bf" sha1="f9b1d649df0cba2d910cfc33b3db470842afd826" />
			</dataarea>
		</part>
		<part name="flop2" interface="floppy_5_25">
			<dataarea name="flop" size="1228800">
				<rom name="fr-fr windows nt 3.10.511.1 5.25.img" size="1228800" crc="97ab311c" sha1="319da6febf4ca471df50e1281ebebc8495e676e2" />
			</dataarea>
		</part>
	</software>

	<software name="winnt31_itit" cloneof="winnt31" supported="partial">
		<description>Windows NT 3.1 (3.10.511.1, MSDN, it-IT)</description>
		<year>1994</year>
		<publisher>Microsoft</publisher>
		<info name="language" value="Italian"/>
		<sharedfeat name="compatibility" value="alpha,ibmpc,mipsr4000" />
		<part name="cdrom" interface="cdrom">
			<diskarea name="cdrom">
				<disk name="it-it windows nt 3.10.511.1" sha1="4756551eddc21f000194a63e7659078e945367d7"/>
			</diskarea>
		</part>
		<part name="flop1" interface="floppy_3_5">
			<dataarea name="flop" size="1474560">
				<rom name="it-it windows nt 3.10.511.1 3.5.img" size="1474560" crc="0a83e51d" sha1="e2bfe11f67ec8f93159edff4387de9284f17ec11" />
			</dataarea>
		</part>
		<part name="flop2" interface="floppy_5_25">
			<dataarea name="flop" size="1228800">
				<rom name="it-it windows nt 3.10.511.1 5.25.img" size="1228800" crc="f5897c5b" sha1="df6f406ebcc82a93c74dfb8e1a5a94bd8ada335a" />
			</dataarea>
		</part>
	</software>

	<software name="winnt31_nlnl" cloneof="winnt31">
		<description>Windows NT 3.1 (3.10.511.1, MSDN, nl-NL)</description>
		<year>1993</year>
		<publisher>Microsoft</publisher>
		<info name="language" value="Dutch"/>
		<sharedfeat name="compatibility" value="ibmpc,mipsr4000" />
		<part name="cdrom" interface="cdrom">
			<diskarea name="cdrom">
				<disk name="nl-nl windows nt 3.10.511.1" sha1="572eb82f0c2c964798857b117f96438630ddb99c"/>
			</diskarea>
		</part>
		<part name="flop1" interface="floppy_3_5">
			<dataarea name="flop" size="1474560">
				<rom name="nl-nl windows nt 3.10.511.1 3.5.img" size="1474560" crc="e47bde7a" sha1="1a6f76f4bc3149d601faae4b781a44c338296638" />
			</dataarea>
		</part>
		<part name="flop2" interface="floppy_5_25">
			<dataarea name="flop" size="1228800">
				<rom name="nl-nl windows nt 3.10.511.1 5.25.img" size="1228800" crc="ed512112" sha1="50882294e1f490762a61f97b2cb8e9902a1300c5" />
			</dataarea>
		</part>
	</software>

	<software name="winnt31_nono" cloneof="winnt31">
		<description>Windows NT 3.1 (3.10.528.1, MSDN, no-NO)</description>
		<year>1993</year>
		<publisher>Microsoft</publisher>
		<info name="language" value="Norwegian"/>
		<sharedfeat name="compatibility" value="ibmpc,mipsr4000" />
		<part name="cdrom" interface="cdrom">
			<diskarea name="cdrom">
				<disk name="no-no windows nt 3.10.528.1" sha1="fd3c6c2156510b5128da4aba2aa6bad7821bdf30"/>
			</diskarea>
		</part>
	</software>

	<software name="winnt31_ptbr" cloneof="winnt31" supported="partial">
		<description>Windows NT 3.1 (3.10.528.1, MSDN, pt-BR)</description>
		<year>1994</year>
		<publisher>Microsoft</publisher>
		<info name="language" value="Portuguese (Brazil)"/>
		<sharedfeat name="compatibility" value="alpha,ibmpc,mipsr4000" />
		<part name="cdrom" interface="cdrom">
			<diskarea name="cdrom">
				<disk name="pt-br windows nt 3.10.528.1" sha1="20d3cb0168629c019c33a493b1cc8c976c79523f"/>
			</diskarea>
		</part>
		<part name="flop1" interface="floppy_3_5">
			<dataarea name="flop" size="1474560">
				<rom name="pt-br windows nt 3.10.528.1 3.5.img" size="1474560" crc="62aeb300" sha1="40af10fc4c9a4d515c9953c7cff636cb5356a077" />
			</dataarea>
		</part>
		<part name="flop2" interface="floppy_5_25">
			<dataarea name="flop" size="1228800">
				<rom name="pt-br windows nt 3.10.528.1 5.25.img" size="1228800" crc="75196897" sha1="74f945f77538ea88a58d69fe284a5de0932eccc9" />
			</dataarea>
		</part>
	</software>

	<software name="winnt31_svse" cloneof="winnt31">
		<description>Windows NT 3.1 (3.10.511.1, MSDN, sv-SE)</description>
		<year>1993</year>
		<publisher>Microsoft</publisher>
		<info name="language" value="Swedish"/>
		<sharedfeat name="compatibility" value="ibmpc,mipsr4000" />
		<part name="cdrom" interface="cdrom">
			<diskarea name="cdrom">
				<disk name="sv-se windows nt 3.10.511.1" sha1="1b184f2c14e14a43161201af8a5054fcda886c38"/>
			</diskarea>
		</part>
		<part name="flop1" interface="floppy_3_5">
			<dataarea name="flop" size="1474560">
				<rom name="sv-se windows nt 3.10.511.1 3.5.img" size="1474560" crc="a2c23a4a" sha1="a342567112d10ff771ed95b8c3ee0d5379e8a621" />
			</dataarea>
		</part>
		<part name="flop2" interface="floppy_5_25">
			<dataarea name="flop" size="1228800">
				<rom name="sv-se windows nt 3.10.511.1 5.25.img" size="1228800" crc="0452e232" sha1="06fe68bddb437494c16f628578c3dabaf2e9938e" />
			</dataarea>
		</part>
	</software>

	<!-- MIA: NT 3.1 SP1 (CSD001, CSD002) install CDs -->
	<!-- Part of the October 1994 MSDN set.  These discs contain ancillary software on top of the
	     service pack installer.  They should be replaced if standalone discs exist and are found.
	-->
	<software name="winnt31sp2" supported="partial">
		<description>Windows NT 3.1 Service Pack 2</description>
		<year>1994</year>
		<publisher>Microsoft</publisher>
		<info name="language" value="Dutch" />
		<info name="language" value="English" />
		<info name="language" value="French" />
		<info name="language" value="German" />
		<info name="language" value="Italian" />
		<info name="language" value="Spanish" />
		<info name="language" value="Swedish" />
		<info name="usage" value="This updates the operating system, but is not the operating system installer itself." />
		<sharedfeat name="compatibility" value="alpha,ibmpc,mipsr4000" />
		<part name="cdrom1" interface="cdrom">
			<feature name="part_id" value="English, Norwegian" />
			<diskarea name="cdrom">
				<disk name="en-us,no-no windows nt 3.1 service pack 2" sha1="f3fee15a27e2b12754780221557bcb45f94547f6" />
			</diskarea>
		</part>
		<part name="cdrom2" interface="cdrom">
			<feature name="part_id" value="Dutch, French, German, Italian, Spanish, Swedish" />
			<diskarea name="cdrom">
				<disk name="de-de,es-es,fr-fr,it-it,nl-nl,sv-se windows nt 3.1 service pack 2" sha1="80a87b68916e88f737e51a97b25d7c7491bbca1a" />
			</diskarea>
		</part>
	</software>

	<!-- Part of the January 1995 MSDN set.  These discs contain ancillary software on top of the
	     service pack installer.  They should be replaced if standalone discs exist and are found.

	     Norwegian exists on disc 1, but only as Service Pack 2.  It's being ommited from the
	     language list for this reason.
	-->
	<software name="winnt31sp3" supported="partial">
		<description>Windows NT 3.1 Service Pack 3</description>
		<year>1994</year>
		<publisher>Microsoft</publisher>
		<info name="language" value="Dutch" />
		<info name="language" value="English" />
		<info name="language" value="French" />
		<info name="language" value="German" />
		<info name="language" value="Italian" />
		<info name="language" value="Spanish" />
		<info name="language" value="Swedish" />
		<info name="usage" value="This updates the operating system, but is not the operating system installer itself." />
		<sharedfeat name="compatibility" value="alpha,ibmpc,mipsr4000" />
		<part name="cdrom1" interface="cdrom">
			<feature name="part_id" value="English, Swedish" />
			<diskarea name="cdrom">
				<disk name="en-us,sv-se windows nt 3.1 service pack 3" sha1="3694700981f128bce3c5ab0802804c5ce53437d5" />
			</diskarea>
		</part>
		<part name="cdrom2" interface="cdrom">
			<feature name="part_id" value="Dutch, German, French, Italian, Spanish" />
			<diskarea name="cdrom">
				<disk name="de-de,es-es,fr-fr,it-it,nl-nl windows nt 3.1 service pack 3" sha1="5df436edf008ca65ff52935c4a5648a9f0700bfa" />
			</diskarea>
		</part>
	</software>

	<software name="winnt31rk" supported="partial">
		<description>Windows NT Resource Kit (version 3.1)</description>
		<year>1993</year>
		<publisher>Microsoft</publisher>
		<info name="language" value="English" />
		<sharedfeat name="compatibility" value="alpha,ibmpc,mipsr4000" />
		<part name="cdrom" interface="cdrom">
			<diskarea name="cdrom">
				<disk name="en-us windows nt resource kit 3.1" sha1="47cf0f58d254837f6ccfcdbf9f97da2a18954ac0" />
			</diskarea>
		</part>
	</software>

	<software name="winnt31sdk" supported="partial">
		<description>Win32 Software Development Kit and Device Driver Kit (version 3.1)</description>
		<year>1994</year>
		<publisher>Microsoft</publisher>
		<info name="language" value="English" />
		<sharedfeat name="compatibility" value="alpha,ibmpc,mipsr4000" />
		<part name="cdrom" interface="cdrom">
			<diskarea name="cdrom">
				<disk name="en-us win32 sdk and ddk 3.10.528.1" sha1="57c11eed25ff459ee793ed8dea867c3e498436f7" />
			</diskarea>
		</part>
	</software>

	<software name="winnt35" supported="partial">
		<description>Windows NT Workstation 3.5 (3.50.807.1)</description>
		<year>1994</year>
		<publisher>Microsoft</publisher>
		<notes><![CDATA[
This version often gets mislabeled as 3.50.800.1 even though no such build exists.
]]></notes>
		<info name="language" value="English"/>
		<sharedfeat name="compatibility" value="alpha,ibmpc,mipsr4000" />
		<part name="cdrom" interface="cdrom">
			<diskarea name="cdrom">
				<disk name="en-us windows nt workstation 3.50.807.1" sha1="aa5bb83088f0bc7638bceba6aafb2da37c3bfc84"/>
			</diskarea>
		</part>
		<part name="flop1" interface="floppy_3_5">
			<feature name="part_id" value="Disk 1"/>
			<dataarea name="flop" size="1474560">
				<!-- Created via "winnt /ox" and sanitized timestamps. Needs to be resourced from original media. -->
				<rom name="en-us windows nt workstation 3.50.807.1 3.5-1.img" size="1474560" crc="0c986718" sha1="c24cb01bfc8fe427c395e40d44b2a1f6e7c8cdb0" status="baddump"/>
			</dataarea>
		</part>
		<part name="flop2" interface="floppy_3_5">
			<feature name="part_id" value="Disk 2"/>
			<dataarea name="flop" size="1474560">
				<!-- Created via "winnt /ox" and sanitized timestamps. Needs to be resourced from original media. -->
				<rom name="en-us windows nt workstation 3.50.807.1 3.5-2.img" size="1474560" crc="ebbcbf4f" sha1="431a3ce499505434565c317638f00805ac1f64ff" status="baddump"/>
			</dataarea>
		</part>
		<part name="flop3" interface="floppy_3_5">
			<feature name="part_id" value="Disk 3"/>
			<dataarea name="flop" size="1474560">
				<!-- Created via "winnt /ox" and sanitized timestamps. Needs to be resourced from original media. -->
				<rom name="en-us windows nt workstation 3.50.807.1 3.5-3.img" size="1474560" crc="7ad56677" sha1="cb7b2f996014db65f60f6f0e9495b95c037bbef4" status="baddump"/>
			</dataarea>
		</part>
		<part name="flop4" interface="floppy_5_25">
			<feature name="part_id" value="Disk 1"/>
			<dataarea name="flop" size="1228800">
				<rom name="en-us windows nt workstation 3.50.807.1 5.25-1.img" size="1228800" crc="d3c8c12b" sha1="5fe2ab57474ed0edda9d16185446787f2891f721"/>
			</dataarea>
		</part>
		<part name="flop5" interface="floppy_5_25">
			<feature name="part_id" value="Disk 2"/>
			<dataarea name="flop" size="1228800">
				<rom name="en-us windows nt workstation 3.50.807.1 5.25-2.img" size="1228800" crc="604f9763" sha1="02380c23156dc73962f2afcd8a5ff02405f55df1"/>
			</dataarea>
		</part>
		<part name="flop6" interface="floppy_5_25">
			<feature name="part_id" value="Disk 3"/>
			<dataarea name="flop" size="1228800">
				<rom name="en-us windows nt workstation 3.50.807.1 5.25-3.img" size="1228800" crc="32dc2810" sha1="fa08ad00538a58f69eb52bdf162d8a0f526fb076"/>
			</dataarea>
		</part>
	</software>

	<software name="winnt35s" cloneof="winnt35" supported="partial">
		<description>Windows NT Server 3.5 (3.50.807.1)</description>
		<year>1994</year>
		<publisher>Microsoft</publisher>
		<notes><![CDATA[
This version often gets mislabeled as 3.50.800.1 even though no such build exists.
]]></notes>
		<info name="language" value="English"/>
		<sharedfeat name="compatibility" value="alpha,ibmpc,mipsr4000" />
		<part name="cdrom" interface="cdrom">
			<diskarea name="cdrom">
				<disk name="en-us windows nt server 3.50.807.1" sha1="36f00cb5b6fbca8c78fd1a1f8af0f74fb885523a"/>
			</diskarea>
		</part>
		<part name="flop1" interface="floppy_3_5">
			<feature name="part_id" value="Disk 1"/>
			<dataarea name="flop" size="1474560">
				<rom name="en-us windows nt server 3.50.807.1 3.5-1.img" size="1474560" crc="c0e12038" sha1="fc8c954bce54dfffb6d4307a6b324eae7dcf025b"/>
			</dataarea>
		</part>
		<part name="flop2" interface="floppy_3_5">
			<feature name="part_id" value="Disk 2"/>
			<dataarea name="flop" size="1474560">
				<rom name="en-us windows nt server 3.50.807.1 3.5-2.img" size="1474560" crc="cc364c47" sha1="ab153db91fe2e3ced86da095efd60d4002a2bf4b"/>
			</dataarea>
		</part>
		<part name="flop3" interface="floppy_3_5">
			<feature name="part_id" value="Disk 3"/>
			<dataarea name="flop" size="1474560">
				<rom name="en-us windows nt server 3.50.807.1 3.5-3.img" size="1474560" crc="2680e894" sha1="dc4803a6d929d828b878a3116341e2fb999b9dc6"/>
			</dataarea>
		</part>
		<part name="flop4" interface="floppy_5_25">
			<feature name="part_id" value="Disk 1"/>
			<dataarea name="flop" size="1228800">
				<rom name="en-us windows nt server 3.50.807.1 5.25-1.img" size="1228800" crc="0f6a9a7f" sha1="9a2d1ac530de4769569443cf0d950820788cbdfd"/>
			</dataarea>
		</part>
		<part name="flop5" interface="floppy_5_25">
			<feature name="part_id" value="Disk 2"/>
			<dataarea name="flop" size="1228800">
				<rom name="en-us windows nt server 3.50.807.1 5.25-2.img" size="1228800" crc="ed51e1e0" sha1="19b2b75673af0315634d52987ae6cacf4ce86f0c"/>
			</dataarea>
		</part>
		<part name="flop6" interface="floppy_5_25">
			<feature name="part_id" value="Disk 3"/>
			<dataarea name="flop" size="1228800">
				<rom name="en-us windows nt server 3.50.807.1 5.25-3.img" size="1228800" crc="cc4c2dde" sha1="0db508bf14dcdfda09a6d13a8ff85953999fdcd2"/>
			</dataarea>
		</part>
	</software>

	<software name="winnt35rk" supported="partial">
		<description>Windows NT Resource Kit (version 3.5)</description>
		<year>1994</year>
		<publisher>Microsoft</publisher>
		<info name="language" value="English" />
		<sharedfeat name="compatibility" value="alpha,ibmpc,mipsr4000" />
		<part name="cdrom" interface="cdrom">
			<diskarea name="cdrom">
				<disk name="en-us windows nt resource kit 3.5" sha1="aadea0f25dae3f8030e490eb2d86a68be6530031" />
			</diskarea>
		</part>
	</software>

	<!-- MIA: NT 3.5 SP1, SP3 install CDs -->
	<!-- Part of the July 1995 MSDN set.  These discs contain ancillary software on top of the
	     service pack installer.  They should be replaced if standalone discs exist and are found.
	-->
	<software name="winnt35sp2" supported="partial">
		<description>Windows NT 3.5 Service Pack 2</description>
		<year>1995</year>
		<publisher>Microsoft</publisher>
		<info name="language" value="Danish" />
		<info name="language" value="Dutch" />
		<info name="language" value="English" />
		<info name="language" value="Finnish" />
		<info name="language" value="French" />
		<info name="language" value="German" />
		<info name="language" value="Italian" />
		<info name="language" value="Norwegian" />
		<info name="language" value="Portuguese (Brazil)" />
		<info name="language" value="Spanish" />
		<info name="language" value="Swedish" />
		<info name="usage" value="This updates the operating system, but is not the operating system installer itself." />
		<sharedfeat name="compatibility" value="alpha,ibmpc,mipsr4000" />
		<part name="cdrom1" interface="cdrom">
			<feature name="part_id" value="English" />
			<diskarea name="cdrom">
				<disk name="en-us windows nt 3.5 service pack 2" sha1="e166f63dbb17ec2712b2838f00e932b6f61d9228" />
			</diskarea>
		</part>
		<part name="cdrom2" interface="cdrom">
			<feature name="part_id" value="Portuguese (Brazil), Swedish" />
			<diskarea name="cdrom">
				<disk name="pt-br,sv-se windows nt 3.5 service pack 2" sha1="76f466c14433a5f5baed963e06d657ca1c06f8ef" />
			</diskarea>
		</part>
		<part name="cdrom3" interface="cdrom">
			<feature name="part_id" value="Danish, Finnish, Norwegian" />
			<diskarea name="cdrom">
				<disk name="da-dk,fi-fi,no-no windows nt 3.5 service pack 2" sha1="edbe147248471922dad9ebbc0ef2078c489e8de6" />
			</diskarea>
		</part>
		<part name="cdrom4" interface="cdrom">
			<feature name="part_id" value="Dutch, French, German, Italian, Spanish" />
			<diskarea name="cdrom">
				<disk name="de-de,es-es,fr-fr,it-it,nl-nl windows nt 3.5 service pack 2" sha1="7db03d847f44a9a4a9eec601b5c0f1065919a76e" />
			</diskarea>
		</part>
	</software>

	<software name="winnt351" supported="partial">
		<description>Windows NT Workstation 3.51 (3.51.1057.1)</description>
		<year>1995</year>
		<publisher>Microsoft</publisher>
		<sharedfeat name="compatibility" value="alpha,ibmpc,mipsr4000,prep" />
		<part name="cdrom" interface="cdrom">
			<diskarea name="cdrom">
				<disk name="en-us windows nt workstation 3.51.1057.1" sha1="3e6cde1107d08e129d5dcdfa223b67ff9717e391"/>
			</diskarea>
		</part>
		<part name="flop1" interface="floppy_3_5">
			<feature name="part_id" value="Disk 1"/>
			<dataarea name="flop" size="1474560">
				<rom name="en-us windows nt workstation 3.51.1057.1 3.5-1.img" size="1474560" crc="b3a0b20a" sha1="dd2b80bdf13995ce8cd48fc88654906c5f06ee21"/>
			</dataarea>
		</part>
		<part name="flop2" interface="floppy_3_5">
			<feature name="part_id" value="Disk 2"/>
			<dataarea name="flop" size="1474560">
				<rom name="en-us windows nt workstation 3.51.1057.1 3.5-2.img" size="1474560" crc="a35a0e6c" sha1="8b9cd9629f1218a1a2b5e493c47255109dfb8ecc"/>
			</dataarea>
		</part>
		<part name="flop3" interface="floppy_3_5">
			<feature name="part_id" value="Disk 3"/>
			<dataarea name="flop" size="1474560">
				<rom name="en-us windows nt workstation 3.51.1057.1 3.5-3.img" size="1474560" crc="0ccc605e" sha1="41e8fa3baf2a80015a0af959be6792a24f260c35"/>
			</dataarea>
		</part>
	</software>

	<software name="winnt351s" cloneof="winnt351" supported="partial">
		<description>Windows NT Server 3.51 (3.51.1057.1)</description>
		<year>1995</year>
		<publisher>Microsoft</publisher>
		<sharedfeat name="compatibility" value="alpha,ibmpc,mipsr4000,prep" />
		<part name="cdrom" interface="cdrom">
			<diskarea name="cdrom">
				<disk name="en-us windows nt server 3.51.1057.1" sha1="0d2eb5f3b58b911b4add1c5e34b8de4bc7f10da0"/>
			</diskarea>
		</part>
		<part name="flop1" interface="floppy_3_5">
			<feature name="part_id" value="Disk 1"/>
			<dataarea name="flop" size="1474560">
				<rom name="en-us windows nt server 3.51.1057.1 3.5-1.img" size="1474560" crc="e452d769" sha1="51d1cb1d37dc7ebcef766e7f6999ec7274e8f9bd"/>
			</dataarea>
		</part>
		<part name="flop2" interface="floppy_3_5">
			<feature name="part_id" value="Disk 2"/>
			<dataarea name="flop" size="1474560">
				<rom name="en-us windows nt server 3.51.1057.1 3.5-2.img" size="1474560" crc="1024fe42" sha1="2caaefdfb2561ddcbb43bcdf1d6a703a6cf9a224"/>
			</dataarea>
		</part>
		<part name="flop3" interface="floppy_3_5">
			<feature name="part_id" value="Disk 3"/>
			<dataarea name="flop" size="1474560">
				<rom name="en-us windows nt server 3.51.1057.1 3.5-3.img" size="1474560" crc="25a33e8e" sha1="29e8fd4ce305182a4f7b5ca2cef1f78363d95466"/>
			</dataarea>
		</part>
	</software>

	<software name="winnt351rk" supported="partial">
		<description>Windows NT Resource Kit (version 3.51)</description>
		<year>1995</year>
		<publisher>Microsoft</publisher>
		<info name="language" value="English" />
		<sharedfeat name="compatibility" value="alpha,ibmpc,mipsr4000,prep" />
		<part name="cdrom" interface="cdrom">
			<diskarea name="cdrom">
				<disk name="en-us windows nt resource kit 3.51" sha1="ff198e230549abeaf45a5b5af9a5d414ac04a9ec" />
			</diskarea>
		</part>
	</software>

	<!-- MIA: NT 3.51 SP2, SP5 install CDs -->
	<software name="winnt351sp1" supported="partial">
		<description>Windows NT 3.51 Service Pack 1</description>
		<year>1995</year>
		<publisher>Microsoft</publisher>
		<info name="language" value="English" />
		<info name="usage" value="This updates the operating system, but is not the operating system installer itself." />
		<sharedfeat name="compatibility" value="alpha,ibmpc,mipsr4000,prep" />
		<part name="cdrom" interface="cdrom">
			<feature name="part_id" value="English" />
			<diskarea name="cdrom">
				<disk name="en-us windows nt 3.51 service pack 1" sha1="56cc61a75db266cfbfd3c84c750a567dd50ae6a5" />
			</diskarea>
		</part>
	</software>

	<software name="winnt351sp3" supported="partial">
		<description>Windows NT 3.51 Service Pack 3</description>
		<year>1995</year>
		<publisher>Microsoft</publisher>
		<info name="language" value="English" />
		<info name="usage" value="This updates the operating system, but is not the operating system installer itself." />
		<sharedfeat name="compatibility" value="alpha,ibmpc,mipsr4000,prep" />
		<part name="cdrom" interface="cdrom">
			<feature name="part_id" value="English" />
			<diskarea name="cdrom">
				<disk name="en-us windows nt 3.51 service pack 3" sha1="07f0a5063a6de68ce45c48d50259925362cae7f3" />
			</diskarea>
		</part>
	</software>

	<software name="winnt351sp4" supported="partial">
		<description>Windows NT 3.51 Service Pack 4</description>
		<year>1996</year>
		<publisher>Microsoft</publisher>
		<info name="language" value="English" />
		<info name="language" value="French" />
		<info name="language" value="German" />
		<info name="language" value="Italian" />
		<info name="usage" value="This updates the operating system, but is not the operating system installer itself." />
		<sharedfeat name="compatibility" value="alpha,ibmpc,mipsr4000,prep" />
		<part name="cdrom" interface="cdrom">
			<diskarea name="cdrom">
				<disk name="de-de,en-us,fr-fr,it-it windows nt 3.51 service pack 4" sha1="cbb9f303b2c67d5a51a3c91c6026f1b0331db61d" />
			</diskarea>
		</part>
	</software>

	<software name="winnt40" supported="partial">
		<description>Windows NT Workstation 4.0 with Service Pack 1 (4.0.1381.2)</description>
		<year>1996</year>
		<publisher>Microsoft</publisher>
		<notes><![CDATA[
This release gets frequently mis-identified online as RTM, but it is actually Service Pack 1.
]]></notes>
		<sharedfeat name="compatibility" value="alpha,ibmpc,mipsr4000,prep" />
		<part name="cdrom" interface="cdrom">
			<diskarea name="cdrom">
				<disk name="en-us windows nt workstation 4.0.1381.2" sha1="fe7fa62edebcf2484b5ed0da4ea258498f6f36e0"/>
			</diskarea>
		</part>
		<part name="flop1" interface="floppy_3_5">
			<feature name="part_id" value="Disk 1"/>
			<dataarea name="flop" size="1474560">
				<rom name="en-us windows nt workstation 4.0.1381.2 3.5-1.img" size="1474560" crc="e20df9ac" sha1="42ab0a34ca8ce959481e17b5c3ce8d547c8983c4"/>
			</dataarea>
		</part>
		<part name="flop2" interface="floppy_3_5">
			<feature name="part_id" value="Disk 2"/>
			<dataarea name="flop" size="1474560">
				<rom name="en-us windows nt workstation 4.0.1381.2 3.5-2.img" size="1474560" crc="a0700c68" sha1="fac8607b5f616ca2a8428d772de95f7ffd079c63"/>
			</dataarea>
		</part>
		<part name="flop3" interface="floppy_3_5">
			<feature name="part_id" value="Disk 3"/>
			<dataarea name="flop" size="1474560">
				<rom name="en-us windows nt workstation 4.0.1381.2 3.5-3.img" size="1474560" crc="fb4b6ae7" sha1="b1f0aef09c2355602bc04c81dbaac90ef3c7dba8"/>
			</dataarea>
		</part>
	</software>

	<software name="winnt40o" cloneof="winnt40" supported="partial">
		<description>Windows NT Workstation 4.0 (4.0.1381.1)</description>
		<year>1996</year>
		<publisher>Microsoft</publisher>
		<sharedfeat name="compatibility" value="alpha,ibmpc,mipsr4000,prep" />
		<part name="cdrom" interface="cdrom">
			<diskarea name="cdrom">
				<disk name="en-us windows nt workstation 4.0.1381.1" sha1="250083b2b150b6930bc544f5b1dc135a6387f669"/>
			</diskarea>
		</part>
		<part name="flop1" interface="floppy_3_5">
			<feature name="part_id" value="Disk 1"/>
			<dataarea name="flop" size="1474560">
				<rom name="en-us windows nt workstation 4.0.1381.1 3.5-1.img" size="1474560" crc="3ba4b1a5" sha1="01807d518f1873e126fc3c7ac71e80886059a242"/>
			</dataarea>
		</part>
		<part name="flop2" interface="floppy_3_5">
			<feature name="part_id" value="Disk 2"/>
			<dataarea name="flop" size="1474560">
				<rom name="en-us windows nt workstation 4.0.1381.1 3.5-2.img" size="1474560" crc="da4a4f16" sha1="a404f347dec15f99f602d973198311da10207e05"/>
			</dataarea>
		</part>
		<part name="flop3" interface="floppy_3_5">
			<feature name="part_id" value="Disk 3"/>
			<dataarea name="flop" size="1474560">
				<rom name="en-us windows nt workstation 4.0.1381.1 3.5-3.img" size="1474560" crc="fb4b6ae7" sha1="b1f0aef09c2355602bc04c81dbaac90ef3c7dba8"/>
			</dataarea>
		</part>
	</software>

	<software name="winnt40s" cloneof="winnt40" supported="partial">
		<description>Windows NT Server 4.0 with Service Pack 1 (4.0.1381.2)</description>
		<year>1996</year>
		<publisher>Microsoft</publisher>
		<notes><![CDATA[
This release gets frequently mis-identified online as RTM, but it is actually Service Pack 1.
]]></notes>
		<sharedfeat name="compatibility" value="alpha,ibmpc,mipsr4000,prep" />
		<part name="cdrom" interface="cdrom">
			<diskarea name="cdrom">
				<disk name="en-us windows nt server 4.0.1381.2" sha1="88d1b561763834b822fbcd28c3d3b32ad28b24c5"/>
			</diskarea>
		</part>
		<part name="flop1" interface="floppy_3_5">
			<feature name="part_id" value="Disk 1"/>
			<dataarea name="flop" size="1474560">
				<rom name="en-us windows nt server 4.0.1381.2 3.5-1.img" size="1474560" crc="d03beabe" sha1="cf8dc3ae32989a10001bd68717265cb57aec8162"/>
			</dataarea>
		</part>
		<part name="flop2" interface="floppy_3_5">
			<feature name="part_id" value="Disk 2"/>
			<dataarea name="flop" size="1474560">
				<rom name="en-us windows nt server 4.0.1381.2 3.5-2.img" size="1474560" crc="7fe218e5" sha1="5285e45771616eeb9267f666c0f15eaf94f5c4d4"/>
			</dataarea>
		</part>
		<part name="flop3" interface="floppy_3_5">
			<feature name="part_id" value="Disk 3"/>
			<dataarea name="flop" size="1474560">
				<rom name="en-us windows nt server 4.0.1381.2 3.5-3.img" size="1474560" crc="877dd676" sha1="3716aca680ab79d340d49291ecda05dc5387b19c"/>
			</dataarea>
		</part>
	</software>

	<software name="winnt40so" cloneof="winnt40" supported="partial">
		<description>Windows NT Server 4.0 (4.0.1381.1)</description>
		<year>1996</year>
		<publisher>Microsoft</publisher>
		<sharedfeat name="compatibility" value="alpha,ibmpc,mipsr4000,prep" />
		<part name="cdrom" interface="cdrom">
			<diskarea name="cdrom">
				<disk name="en-us windows nt server 4.0.1381.1" sha1="c9d25d4abcb72653929624545c24f3ce7e09b63e"/>
			</diskarea>
		</part>
		<part name="flop1" interface="floppy_3_5">
			<feature name="part_id" value="Disk 1"/>
			<dataarea name="flop" size="1474560">
				<rom name="en-us windows nt server 4.0.1381.1 3.5-1.img" size="1474560" crc="e2a1a411" sha1="1d4729f72f25c1087ffb6edc86b5d2b5ee7bf646"/>
			</dataarea>
		</part>
		<part name="flop2" interface="floppy_3_5">
			<feature name="part_id" value="Disk 2"/>
			<dataarea name="flop" size="1474560">
				<rom name="en-us windows nt server 4.0.1381.1 3.5-2.img" size="1474560" crc="2ea2f59c" sha1="3574421f7339e7e83b0a931b29e8ebdae7511634"/>
			</dataarea>
		</part>
		<part name="flop3" interface="floppy_3_5">
			<feature name="part_id" value="Disk 3"/>
			<dataarea name="flop" size="1474560">
				<rom name="en-us windows nt server 4.0.1381.1 3.5-3.img" size="1474560" crc="20fcc1c3" sha1="8d2e25e083c82b57b007ae034869b8d11292e690"/>
			</dataarea>
		</part>
	</software>

	<software name="winnt40ts" cloneof="winnt40" supported="partial">
		<description>Windows NT Server, Terminal Server Edition 4.0 (4.0.419.1)</description>
		<year>1998</year>
		<publisher>Microsoft</publisher>
		<sharedfeat name="compatibility" value="alpha,ibmpc" />
		<part name="cdrom" interface="cdrom">
			<diskarea name="cdrom">
				<disk name="en-us windows nt terminal server 4.0.419.1" sha1="31b87bdf7ad173ba1643c2b11acb08a45fa17ae1"/>
			</diskarea>
		</part>
		<part name="flop1" interface="floppy_3_5">
			<feature name="part_id" value="Disk 1"/>
			<dataarea name="flop" size="1474560">
				<rom name="en-us windows nt terminal server 4.0.419.1 3.5-1.img" size="1474560" crc="d49a1246" sha1="b23acea288d91b0ef4b40ed0f68a336561de2ad1"/>
			</dataarea>
		</part>
		<part name="flop2" interface="floppy_3_5">
			<feature name="part_id" value="Disk 2"/>
			<dataarea name="flop" size="1474560">
				<rom name="en-us windows nt terminal server 4.0.419.1 3.5-2.img" size="1474560" crc="61b8e332" sha1="bfe47d04d39bba2ae53afab83d6a939be624ed40"/>
			</dataarea>
		</part>
		<part name="flop3" interface="floppy_3_5">
			<feature name="part_id" value="Disk 3"/>
			<dataarea name="flop" size="1474560">
				<rom name="en-us windows nt terminal server 4.0.419.1 3.5-3.img" size="1474560" crc="89fd5fb4" sha1="1bd3648bbe1c081d2694b1450fed5dbd8e056d02"/>
			</dataarea>
		</part>
	</software>

	<software name="winnt40e" cloneof="winnt40" supported="partial">
		<description>Windows NT Server, Enterprise Edition 4.0 (4.0.1381.4)</description>
		<year>1997</year>
		<publisher>Microsoft</publisher>
		<notes><![CDATA[
This installs as 4.0.1381.2 (SP1), but immediately prompts to install
Service Pack 3 to bring it to 4.0.1381.4. Let's go with that number.
]]></notes>
		<sharedfeat name="compatibility" value="alpha,ibmpc" />
		<part name="cdrom1" interface="cdrom">
			<feature name="part_id" value="Operating System"/>
			<diskarea name="cdrom">
				<disk name="en-us windows nt enterprise server 4.0.1381.4 disc 1" sha1="35f1693e9f40dee0d9019a0db3dbaa01812d596d"/>
			</diskarea>
		</part>
		<part name="cdrom2" interface="cdrom">
			<feature name="part_id" value="Components"/>
			<diskarea name="cdrom">
				<disk name="en-us windows nt enterprise server 4.0.1381.4 disc 2" sha1="80e4aebb1808a1c3ea43b2f401874612d0ff0394"/>
			</diskarea>
		</part>
	</software>

	<!-- Did Service Pack 1 ever have a CD-ROM release? -->
	<software name="winnt40sp2" supported="partial">
		<description>Windows NT 4.0 Service Pack 2</description>
		<year>1996</year>
		<publisher>Microsoft</publisher>
		<info name="release" value="19961213" />
		<info name="language" value="English" />
		<info name="usage" value="This updates the operating system, but is not the operating system installer itself." />
		<sharedfeat name="compatibility" value="alpha,ibmpc,prep" />
		<part name="cdrom" interface="cdrom">
			<diskarea name="cdrom">
				<disk name="en-us windows nt 4.0 service pack 2" sha1="e07721ee9bae4ca89af067b46115a65926c0c8ba" />
			</diskarea>
		</part>
	</software>

	<software name="winnt40sp3" supported="partial">
		<description>Windows NT 4.0 Service Pack 3</description>
		<year>1997</year>
		<publisher>Microsoft</publisher>
		<info name="release" value="19970512" />
		<info name="language" value="English" />
		<info name="usage" value="This updates the operating system, but is not the operating system installer itself." />
		<sharedfeat name="compatibility" value="alpha,ibmpc" />
		<part name="cdrom" interface="cdrom">
			<diskarea name="cdrom">
				<disk name="en-us windows nt 4.0 service pack 3" sha1="c23ad3b3d1fb8f1f9f81ed70e6c717b56344da04" />
			</diskarea>
		</part>
	</software>

	<software name="winnt40sp4" supported="partial">
		<description>Windows NT 4.0 Service Pack 4</description>
		<year>1998</year>
		<publisher>Microsoft</publisher>
		<info name="release" value="19981015" />
		<info name="language" value="English" />
		<info name="usage" value="This updates the operating system, but is not the operating system installer itself." />
		<sharedfeat name="compatibility" value="alpha,ibmpc" />
		<part name="cdrom" interface="cdrom">
			<diskarea name="cdrom">
				<disk name="en-us windows nt 4.0 service pack 4" sha1="10d1b7ce191612ca9412baa8e45eaa07737f7bd4" />
			</diskarea>
		</part>
	</software>

	<software name="winnt40sp5" supported="partial">
		<description>Windows NT 4.0 Service Pack 5</description>
		<year>1999</year>
		<publisher>Microsoft</publisher>
		<notes><![CDATA[
ISO file CRC32 hash is not 0xffffffff.  Microsoft actually shipped this image, it's an exception. :-)
]]></notes>
		<info name="release" value="19990526" />
		<info name="language" value="English" />
		<info name="usage" value="This updates the operating system, but is not the operating system installer itself." />
		<sharedfeat name="compatibility" value="alpha,ibmpc" />
		<part name="cdrom" interface="cdrom">
			<diskarea name="cdrom">
				<disk name="en-us windows nt 4.0 service pack 5" sha1="528de2cb8b9a08cb5f599e49042430b6f16138e4" />
			</diskarea>
		</part>
	</software>

	<!-- Does the plain "Service Pack 6" (not 6a) exist anywhere? -->
	<software name="winnt40sp6" supported="partial">
		<description>Windows NT 4.0 Service Pack 6a</description>
		<year>2000</year>
		<publisher>Microsoft</publisher>
		<info name="release" value="20000801" />
		<info name="language" value="English" />
		<info name="usage" value="This updates the operating system, but is not the operating system installer itself." />
		<sharedfeat name="compatibility" value="alpha,ibmpc" />
		<part name="cdrom" interface="cdrom">
			<diskarea name="cdrom">
				<disk name="en-us windows nt 4.0 service pack 6a" sha1="06f03cea52be42dc4c08390be3f031fc12a5434a" />
			</diskarea>
		</part>
	</software>

	<!-- The Option Pack consists of backported software from Windows 2000 (NT 5.0) development. -->
	<software name="winnt40opt" supported="partial">
		<description>Windows NT 4.0 Option Pack</description>
		<year>1998</year>
		<publisher>Microsoft</publisher>
		<info name="release" value="19981130" />
		<info name="language" value="English" />
		<sharedfeat name="compatibility" value="alpha,ibmpc" />
		<part name="cdrom" interface="cdrom">
			<diskarea name="cdrom">
				<disk name="en-us windows nt 4.0 option pack" sha1="19fc52af4301a33a1a0e6cca6b815e8d19005a39" />
			</diskarea>
		</part>
	</software>

	<software name="winnt40rk" supported="partial">
		<description>Windows NT Workstation Resource Kit (version 4.0)</description>
		<year>1996</year>
		<publisher>Microsoft</publisher>
		<info name="language" value="English" />
		<sharedfeat name="compatibility" value="alpha,ibmpc,mipsr4000,prep" />
		<part name="cdrom" interface="cdrom">
			<diskarea name="cdrom">
				<disk name="en-us windows nt workstation resource kit 4.0" sha1="44631b02771339ae053366ad1766a272a57bd96f" />
			</diskarea>
		</part>
	</software>

	<software name="winnt40srk" cloneof="winnt40rk" supported="partial">
		<description>Windows NT Server Resource Kit (version 3.1)</description>
		<year>1996</year>
		<publisher>Microsoft</publisher>
		<info name="language" value="English" />
		<sharedfeat name="compatibility" value="alpha,ibmpc,mipsr4000,prep" />
		<part name="cdrom" interface="cdrom">
			<diskarea name="cdrom">
				<disk name="en-us windows nt server resource kit 4.0" sha1="c1111892c995c76d0cba8c9667fab569ec3fd178" />
			</diskarea>
		</part>
	</software>

</softwarelist>
