<?xml version="1.0"?>
<!DOCTYPE softwarelist SYSTEM "softwarelist.dtd">
<!--
license:CC0-1.0

Carts released in Japan

1. Dig Dug (ディグダグ)
2. Tank Battalion (タンクバタリアン)
3. Bosconian (ボスコニアン)
4. Galax (ギャラックス)
5. Power Pac (パワーパック)
6. Warp Warp (ワープ&ワープ)
7. Super Cobra (スーパーコブラ)
8. Guttang Guttong (ガッタンゴットン)
9. Moon Patrol (ムーンパトロール)
10. Step Up (ステップアップ)
11. Pooyan (プーヤン)
12. Heavy Boxing (ヘビーボクシング)
13. コミカルスキー [Fun Ski?]
14. Real Tennis (リアルテニス)
15. Word Maze (ワードメイズ)
16. Wonder Hole (ワンダーホール)
17. Apploon (アップルーン)
18. Up Up Balloon (アップアップバルーン)
19. Mappy (マッピー)
20.  ??
21. Dream Shopper (ドリームショッパー)
22. Eskimon (エスキモン)
23. Funny Mouse (ファニーマウス)
24. Jankyo (ジャン狂)

Simulation Games (probably separate series, box has red stripes!)

- Fruit Search
- Dragon Attack
- Pit Chaser


Super Adventure Series (cart + tape games)

- Super Adventure (スーパーアドベンチャー ) [cart]
- Ooi Tasukete Kure (おーいたすけてくれ ) [tape]
- Nigero Nigero Nigero (にげろにげろにげろ ) [tape]


Programs:

- P-Editor (also available as tape)
- M-Editor


Learning Soft:

- Mogura-Tataki Keyboard Renshu (by Stratford Soft)


Programming Languages:

 - FALC
 - FALC-II
 - BASIC-I
 - BASIC-G
 - BASIC-F
 - DISK BASIC


what about European carts?
and why some of the dumps below have weird size?


-->

<softwarelist name="m5_cart" description="Sord M5 cartridges">

<!-- Games -->

	<software name="digdug">
		<description>Dig Dug</description>
		<year>1982</year>
		<publisher>Namco</publisher>
		<info name="serial" value="1" />
		<info name="alt_title" value="ディグダグ" />
		<part name="cart" interface="m5_cart">
			<dataarea name="rom" size="8192">
				<rom name="digdug.bin" size="8192" crc="9b207054" sha1="971f7bc1b6247d17a488f6e07eabc07580219ed9" offset="00000" />
			</dataarea>
		</part>
	</software>

	<software name="tankbtl">
		<description>Tank Battalion</description>
		<year>1980</year>
		<publisher>Namco</publisher>
		<info name="serial" value="2" />
		<info name="alt_title" value="タンクバタリアン" />
		<part name="cart" interface="m5_cart">
			<dataarea name="rom" size="8192">
				<rom name="tank battalion (1980)(namco)(jp).bin" size="8192" crc="e05b2c70" sha1="c724e0777aa89ee58937bd9ca60e4d82baeabb66" offset="00000"/>
			</dataarea>
		</part>
	</software>

	<software name="bosco">
		<description>Star Destroyer Bosconian</description>
		<year>1981</year>
		<publisher>Namco</publisher>
		<info name="serial" value="3" />
		<info name="alt_title" value="ボスコニアン" />
		<part name="cart" interface="m5_cart">
			<dataarea name="rom" size="8192">
				<rom name="bosconian.bin" size="8192" crc="8b299b7f" sha1="b26b1289fc96778d3b3f50eee5ca3963a1948dff" offset="00000" />
			</dataarea>
		</part>
	</software>

	<software name="galax">
		<description>Galax</description>
		<year>1981</year>
		<publisher>Namco</publisher>
		<info name="serial" value="4" />
		<info name="alt_title" value="ギャラックス" />
		<part name="cart" interface="m5_cart">
			<dataarea name="rom" size="8192">
				<rom name="galax.bin" size="8192" crc="62c26c8c" sha1="5f73e90f9b551501e6fd5b9a63cfcfaea7691821" offset="00000" />
			</dataarea>
		</part>
	</software>

	<software name="powerpac">
		<description>Power Pac</description>
		<year>1982</year>
		<publisher>Namco</publisher>
		<info name="serial" value="5" />
		<info name="alt_title" value="パワーパック" />
		<part name="cart" interface="m5_cart">
			<dataarea name="rom" size="8192">
				<rom name="powerpac.bin" size="8192" crc="3ce70f7f" sha1="2ee74f02f0249ff7192b4f29c1a061fc4f1eb920" offset="00000" />
			</dataarea>
		</part>
	</software>

	<software name="warpwarp">
		<description>Warp &amp; Warp</description>
		<year>1981</year>
		<publisher>Namco</publisher>
		<info name="serial" value="6" />
		<info name="alt_title" value="ワープ&amp;ワープ" />
		<part name="cart" interface="m5_cart">
			<dataarea name="rom" size="8192">
				<rom name="warpwarp.bin" size="8192" crc="1b9e2e58" sha1="38c1721eb04188e1201c31dde2fc03963b685d69" offset="00000" />
			</dataarea>
		</part>
	</software>

	<software name="scobra">
		<description>Super Cobra</description>
		<year>1981</year>
		<publisher>Konami</publisher>
		<info name="serial" value="7" />
		<info name="alt_title" value="スーパーコブラ" />
		<part name="cart" interface="m5_cart">
			<dataarea name="rom" size="8192">
				<rom name="super cobra (1981)(konami)(jp).bin" size="8192" crc="55cbd90b" sha1="d29f1d1d88a0b6738b68cf8d2406fbf1f05ba39b" offset="00000"/>
			</dataarea>
		</part>
	</software>

	<software name="gutangtn">
		<description>Guttang Gottong</description>
		<year>1981</year>
		<publisher>Konami</publisher>
		<info name="serial" value="8" />
		<info name="alt_title" value="ガッタンゴットン" />
		<part name="cart" interface="m5_cart">
			<dataarea name="rom" size="8192">
				<rom name="guttang gottong (1981)(konami)(jp).bin" size="8192" crc="04f842ea" sha1="e5d328fa2765530849422eb3ae33628d2adf4ca9" offset="00000" />
			</dataarea>
		</part>
	</software>

	<software name="mpatrol">
		<description>Moon Patrol</description>
		<year>1981</year>
		<publisher>Irem</publisher>
		<info name="serial" value="9" />
		<info name="alt_title" value="ムーンパトロール" />
		<part name="cart" interface="m5_cart">
			<dataarea name="rom" size="8192">
				<rom name="moonpatrol.bin" size="8192" crc="1324c6c0" sha1="fa61c047b0051efa23a6607e4c1f7726ff683caf" offset="00000" />
			</dataarea>
		</part>
	</software>

	<software name="stepupj" cloneof="stepup">
		<description>Step Up (Jpn)</description>
		<year>1983</year>
		<publisher>Takara</publisher>
		<info name="serial" value="10" />
		<info name="alt_title" value="ステップアップ" />
		<part name="cart" interface="m5_cart">
			<dataarea name="rom" size="8192">
				<rom name="stepup_jp.bin" size="8192" crc="db688ff8" sha1="abce8c52bcc73dd6a1b532b04bd7b1110d6ff4e9" offset="00000" />
			</dataarea>
		</part>
	</software>

	<software name="stepup">
		<description>Step Up (Euro)</description>
		<year>1983</year>
		<publisher>Takara</publisher>
		<part name="cart" interface="m5_cart">
			<dataarea name="rom" size="8192">
				<rom name="stepup_eu.bin" size="8192" crc="942cc7e8" sha1="9f61df71b6080c8ef5085b659179a10e2777a957" offset="00000" />
			</dataarea>
		</part>
	</software>

	<software name="pooyan">
		<description>Pooyan</description>
		<year>1982</year>
		<publisher>Konami</publisher>
		<info name="serial" value="11" />
		<info name="alt_title" value="プーヤン" />
		<part name="cart" interface="m5_cart">
			<dataarea name="rom" size="8192">
				<rom name="pooyan.bin" size="8192" crc="91ba5073" sha1="b659b0f029927c36287720654fb538e53a2fcb76" offset="00000" />
			</dataarea>
		</part>
	</software>

	<software name="pooyana" cloneof="pooyan">
		<description>Pooyan (alt)</description>
		<year>1982</year>
		<publisher>Konami</publisher>
		<notes><![CDATA[
Modified version cooperating with 64kB RAM
]]></notes>
		<info name="serial" value="11" />
		<info name="alt_title" value="プーヤン" />
		<part name="cart" interface="m5_cart">
			<dataarea name="rom" size="8192">
				<rom name="pooyan (1982)(konami)(jp).bin" size="8192" crc="ded8b4f4" sha1="4c9e58e52d336b4c01a24e3ca2e62fb7757407fd" offset="00000"/>
			</dataarea>
		</part>
	</software>

	<software name="heavybox">
		<description>Heavy Boxing</description>
		<year>1983</year>
		<publisher>Takara</publisher>
		<info name="serial" value="12" />
		<info name="alt_title" value="ヘビーボクシング" />
		<part name="cart" interface="m5_cart">
			<dataarea name="rom" size="8192">
				<rom name="heavy boxing (1983)(takara)(jp).bin" size="8192" crc="19540dce" sha1="388838ed501bcc3a9fd18e32488f13a6ce6a0689" offset="00000"/>
			</dataarea>
		</part>
	</software>

	<software name="rtennis">
		<description>Real Tennis</description>
		<year>1983</year>
		<publisher>Takara</publisher>
		<info name="serial" value="14" />
		<info name="alt_title" value="リアルテニス" />
		<part name="cart" interface="m5_cart">
			<dataarea name="rom" size="8192">
				<rom name="real tennis (1983)(takara)(jp).bin" size="8192" crc="ed80d6c9" sha1="03f3385b360c3573edab1fca53f82b4d6a4f8736" offset="00000"/>
			</dataarea>
		</part>
	</software>

	<software name="wordmaze">
		<description>Word Maze</description>
		<year>1983</year>
		<publisher>Sord</publisher>
		<info name="serial" value="15" />
		<info name="alt_title" value="ワードメイズ" />
		<part name="cart" interface="m5_cart">
			<dataarea name="rom" size="8192">
				<rom name="word maze (19xx)(sord)(jp).bin" size="8192" crc="fda88e0d" sha1="a0fbe727bfca773d3cc193eb7a9c77e7b418b0a2" offset="00000"/>
			</dataarea>
		</part>
	</software>

	<software name="wondhole">
		<description>Wonder Hole</description>
		<year>1982</year>
		<publisher>Irem</publisher>
		<info name="serial" value="16" />
		<info name="alt_title" value="ワンダーホール" />
		<part name="cart" interface="m5_cart">
			<dataarea name="rom" size="8192">
				<rom name="wonder hole (1982)(irem)(jp).bin" size="8192" crc="4a7613e6" sha1="dd0e732f121b904bc12a6a5a30e3f9fd40d03afd" offset="00000" />
			</dataarea>
		</part>
	</software>

	<software name="apploon">
		<description>Apploon</description>
		<year>1983</year>
		<publisher>Takara</publisher>
		<info name="serial" value="17" />
		<info name="alt_title" value="アップルーン" />
		<part name="cart" interface="m5_cart">
			<dataarea name="rom" size="8192">
				<rom name="apploon.bin" size="8192" crc="558cf858" sha1="743906ecab6439766fe374ccdf64b9c2acecbf97" offset="00000" />
			</dataarea>
		</part>
	</software>

	<software name="upupball" supported="yes">
		<description>Up Up Balloon</description>
		<year>1983</year>
		<publisher>Takara ~ Monkey Punch</publisher>
		<info name="serial" value="18" />
		<info name="alt_title" value="アップアップバルーン" />
		<part name="cart" interface="m5_cart">
			<dataarea name="rom" size="8192">
				<rom name="up up balloon (1983)(takara - monkey punch)(jp).bin" size="8192" crc="1fce24c8" sha1="139ab0c63c82538bc032d2cb9d9eaf858d7c969d" offset="00000" />
			</dataarea>
		</part>
	</software>

	<software name="mappy">
		<description>Mappy</description>
		<year>1983</year>
		<publisher>Namco</publisher>
		<info name="serial" value="19" />
		<info name="alt_title" value="マッピー" />
		<part name="cart" interface="m5_cart">
			<dataarea name="rom" size="8192">
				<rom name="mappy.bin" size="8192" crc="b83f6d83" sha1="c94c4def1a64fade08179b08b1d6f6178ff56a3f" offset="00000" />
			</dataarea>
		</part>
	</software>

	<software name="dremshop">
		<description>Dream Shopper</description>
		<year>1983</year>
		<publisher>Takara</publisher>
		<info name="serial" value="21" />
		<info name="alt_title" value="ドリームショッパー" />
		<part name="cart" interface="m5_cart">
			<dataarea name="rom" size="8192">
				<rom name="dreamshopper.bin" size="8192" crc="a7be9284" sha1="ecd22b176bd35f6183c679c1b9adc836a3085b21" offset="00000" />
			</dataarea>
		</part>
	</software>

	<software name="eskimon">
		<description>Eskimon</description>
		<year>1984</year>
		<publisher>Takara</publisher>
		<info name="serial" value="22" />
		<info name="alt_title" value="エスキモン" />
		<part name="cart" interface="m5_cart">
			<dataarea name="rom" size="8192">
				<rom name="eskimon (1984)(takara)(jp).bin" size="8192" crc="96931021" sha1="115eee645e5213c16ad4a27bbeed5e2f3fa4be22" offset="00000" />
			</dataarea>
		</part>
	</software>

	<software name="funnym">
		<description>Funny Mouse</description>
		<year>1983</year>
		<publisher>Takara</publisher>
		<info name="serial" value="23" />
		<info name="alt_title" value="ファニーマウス" />
		<part name="cart" interface="m5_cart">
			<dataarea name="rom" size="8192">
				<rom name="funny mouse (1983)(takara)(jp).bin" size="8192" crc="94145074" sha1="43c2a1a5959ab8057c7d149472512a0c7996c798" offset="00000" />
			</dataarea>
		</part>
	</software>

	<software name="jongkyo">
		<description>Jong Kyo</description>
		<year>1983?</year>
		<publisher>Hudson Soft</publisher>
		<info name="serial" value="24" />
		<info name="alt_title" value="ジャン狂" />
		<part name="cart" interface="m5_cart">
			<dataarea name="rom" size="16384">
				<rom name="mahjong.bin" size="16384" crc="b32c9e08" sha1="0b24213ef49a6ad04bc8ecff616b94ccf0f7a8aa" offset="00000" />
			</dataarea>
		</part>
	</software>


	<software name="adidas">
		<description>Adidas Lucky Shoot</description>
		<year>198?</year>
		<publisher>&lt;unknown&gt;</publisher>
		<info name="alt_title" value="Adidas ラッキー シュート" />
		<part name="cart" interface="m5_cart">
			<dataarea name="rom" size="8192">
				<rom name="adidas.bin" size="8192" crc="d6ef9cae" sha1="80314f4351b9c0ebeb48f7757694717950d5a9b0" offset="00000" />
			</dataarea>
		</part>
	</software>

	<software name="drgnatck">
		<description>Dragon Attack</description>
		<year>1983</year>
		<publisher>Takara</publisher>
		<part name="cart" interface="m5_cart">
			<dataarea name="rom" size="4096">
				<rom name="dragon attack (1983)(takara)(jp).bin" size="4096" crc="5862d06c" sha1="f2707ad6dd564df01e7f81a21a00842e17cd49a4" offset="00000" />
			</dataarea>
		</part>
	</software>

	<software name="fruitsrc">
		<description>Fruit Search</description>
		<year>1983</year>
		<publisher>Takara</publisher>
		<part name="cart" interface="m5_cart">
			<dataarea name="rom" size="4096">
				<rom name="fruit search (1983)(takara)(jp).bin" size="4096" crc="333ac50f" sha1="a838fbf0bc4513d3b6bcc3165f1eac33ca27d6fa" offset="00000"/>
			</dataarea>
		</part>
	</software>

	<software name="pitchase">
		<description>Pit Chaser</description>
		<year>1983</year>
		<publisher>Takara</publisher>
		<part name="cart" interface="m5_cart">
			<dataarea name="rom" size="8192">
				<rom name="pitchaser.bin" size="8192" crc="cf71e13a" sha1="c843f817bb06faf78134b098acbebecc17b7c699" offset="00000" />
			</dataarea>
		</part>
	</software>




<!-- Program + Languages -->
	<software name="basicf">
		<description>BASIC-F</description>
		<year>198?</year>
		<publisher>Sord</publisher>
		<part name="cart" interface="m5_cart">
			<dataarea name="rom" size="20480">
				<rom name="basic-f (198x)(sord)(jp).bin" size="20480" crc="47be051f" sha1="9942b8f05a441b5dee7ab31ec5b8a643f7e268b8" offset="00000"/>
			</dataarea>
		</part>
	</software>

	<software name="basicg">
		<description>BASIC-G</description>
		<year>198?</year>
		<publisher>Sord</publisher>
		<part name="cart" interface="m5_cart">
			<dataarea name="rom" size="16384">
				<rom name="basic-g (198x)(sord)(jp).bin" size="16384" crc="107b5ddc" sha1="071fa84c7b10d9d7841c504564825609ebf66140" offset="00000"/>
			</dataarea>
		</part>
	</software>

	<software name="basici">
		<description>BASIC-I</description>
		<year>198?</year>
		<publisher>Sord</publisher>
		<part name="cart" interface="m5_cart">
			<dataarea name="rom" size="8192">
				<rom name="basic-i (198x)(sord)(jp).bin" size="8192" crc="9a98e6ce" sha1="d11f7623919ee593e275e9f00f8a4acf7aed3cf5" offset="00000"/>
			</dataarea>
		</part>
	</software>

	<software name="falc">
		<description>FALC</description>
		<year>198?</year>
		<publisher>Sord</publisher>
		<info name="usage" value="Requires 36k RAM" />
		<part name="cart" interface="m5_cart">
			<dataarea name="rom" size="16384">
				<rom name="falc (198x)(sord)(jp).bin" size="16384" crc="78037f97" sha1="4cd917388a626d38dd8b16834c2e610d0ba6d505" offset="00000" />
			</dataarea>
		</part>
	</software>

	<software name="peditor">
		<description>P-Editor</description>
		<year>198?</year>
		<publisher>Sord</publisher>
		<part name="cart" interface="m5_cart">
			<dataarea name="rom" size="16384">
				<rom name="zzz-unk-pdesigner.bin" size="16384" crc="af987f7b" sha1="3a4cffc8d81a384f8bb2dfebf5e02cda1f0c7e21" offset="00000"/>
			</dataarea>
		</part>
	</software>

<!-- Unidentified items -->
	<software name="basicw">
		<!-- Modified Basic-F with floppy support(WD2797B) -->
		<description>BASIC-W</description>
		<year>198?</year>
		<publisher>Sord?</publisher>
		<part name="cart" interface="m5_cart">
			<dataarea name="rom" size="20480">
				<rom name="basic-w (198x)(sord)(jp).bin" size="20480" crc="2b1087cf" sha1="aa8d7c6c405e1360f074590abdc3d82df07cb564" offset="00000"/>
			</dataarea>
		</part>
	</software>

	<software name="m5term">
		<!-- Terminal for serial interface -->
		<description>M5 Terminal</description>
		<year>19??</year>
		<publisher>&lt;unknown&gt;</publisher>
		<part name="cart" interface="m5_cart">
			<dataarea name="rom" size="7168">
				<rom name="m5 terminal (19xx)(-).bin" size="7168" crc="2b73c483" sha1="53c093d4c3c5ba990bf8673963f9ff529e99a252" offset="00000" />
			</dataarea>
		</part>
	</software>

	<software name="zacbanic">
		<description>Zac Banic</description>
		<year>19??</year>
		<publisher>&lt;unknown&gt;</publisher>
		<part name="cart" interface="m5_cart">
			<dataarea name="rom" size="4400">
				<rom name="zac banic (19xx)(-).bin" size="4400" crc="fd421eea" sha1="6c3d5c15817617508de5f994c0a980ff6c6ca303" offset="00000"/>
			</dataarea>
		</part>
	</software>

	<software name="baseball">
		<description>Baseball</description>
		<year>19??</year>
		<publisher>Takara</publisher>
		<info name="usage" value="Requires 36k RAM" />
		<info name="alt_title" value="野球 ゲーム" />
		<part name="cart" interface="m5_cart">
			<dataarea name="rom" size="10904">
				<rom name="baseball (19xx)(-).bin" size="10904" crc="46e94dae" sha1="56d11bb9e4e8431ff4f6dfa592b096dd613084c3" offset="00000" status="baddump" />
			</dataarea>
		</part>
	</software>

	<software name="drops">
		<description>Drops</description>
		<year>1986</year>
		<publisher>SPC</publisher>
		<info name="usage" value="Requires 36k RAM" />
		<part name="cart" interface="m5_cart">
			<dataarea name="rom" size="6176">
				<rom name="drops (1986)(spc)(jp).bin" size="6176" crc="fa321348" sha1="e9a44e12eed9d51cdb40ce4b6f1cb19a1ebed35d" offset="00000" />
			</dataarea>
		</part>
	</software>

	<software name="jumpjack">
		<description>Jumping Jack</description>
		<year>1986</year>
		<publisher>SPC</publisher>
		<info name="usage" value="Requires 36k RAM" />
		<part name="cart" interface="m5_cart">
			<dataarea name="rom" size="5920">
				<rom name="jumping jack (1986)(spc)(jp).bin" size="5920" crc="49030973" sha1="c8716276fe6c4b0808078086f505efce1137afc9" offset="00000"/>
			</dataarea>
		</part>
	</software>

	<software name="mchess">
		<description>Masterchess</description>
		<year>19??</year>
		<publisher>&lt;unknown&gt;</publisher>
		<info name="usage" value="Requires 36k RAM" />
		<part name="cart" interface="m5_cart">
			<dataarea name="rom" size="12288">
				<rom name="masterchess (19xx)(-).bin" size="12288" crc="c10a6e96" sha1="5dd24aae17c3a293ae91ef5086c1c4f3e59263ed" offset="00000"/>
			</dataarea>
		</part>
	</software>

	<software name="reversi">
		<description>Reversi</description>
		<year>19??</year>
		<publisher>&lt;unknown&gt;</publisher>
		<info name="usage" value="Requires 36k RAM" />
		<part name="cart" interface="m5_cart">
			<dataarea name="rom" size="6392">
				<rom name="reversi (19xx)(games of skill).bin" size="6392" crc="ca2cd257" sha1="a048a1055d175ace09155e50da0387986e150f92" offset="00000" />
			</dataarea>
		</part>
	</software>

<!-- these come from TOSEC: they do not work and it's not clear where they
come from... they might be eventually removed -->

<!-- Actualy this is wordmaze translated into Czech 1990 by ROS-->
	<software name="unk_maze" supported="no">
		<description>Unknown CSMAZE</description>
		<year>1983</year>
		<publisher>&lt;unknown&gt;</publisher>
		<part name="cart" interface="m5_cart">
			<dataarea name="rom" size="8448">
				<rom name="zzz-unk-csmaze.bin" size="8448" crc="b7c9705b" sha1="f07f531eef82fd5b0d914c176d52b38814c36e3b" offset="00000" status="baddump" />
			</dataarea>
		</part>
	</software>

<!-- This displays garbage charset when launched with ramsize 36k or 68k -->
	<software name="unk_intr" supported="no">
		<description>Unknown Intruder</description>
		<year>19??</year>
		<publisher>&lt;unknown&gt;</publisher>
		<info name="usage" value="Requires 36k or more RAM?" />
		<part name="cart" interface="m5_cart">
			<dataarea name="rom" size="5376">
				<rom name="zzz-unk-intruder.bin" size="5376" crc="12859c5d" sha1="fd8fc752be6afcbf016f8a33e21ad9e1b7c50c48" offset="00000" status="baddump" />
			</dataarea>
		</part>
	</software>



<!-- This is only Sord memory expansion -->
	<software name="em_5" supported="no">
		<description>EM-5 Expansion memory 32Kb</description>
		<year>198?</year>
		<publisher>Sord</publisher>
		<part name="cart" interface="m5_cart">
			<feature name="slot" value="ram"/>
			<dataarea name="ram" size="32768">
			</dataarea>
		</part>
	</software>

<!-- Homebrew memory modules -->

	<software name="64kbi" supported="no">
		<description>EM-64 Expansion memory 64Kb</description>
		<year>198?</year>
		<publisher>unknown</publisher>
		<part name="cart" interface="m5_cart">
			<feature name="slot" value="ram"/>
			<dataarea name="ram" size="65536">
			</dataarea>
		</part>
	</software>

	<software name="64kbf" supported="no">
		<description>64Kbf Expansion memory 64Kb</description>
		<year>199?</year>
		<publisher>unknown</publisher>
		<part name="cart" interface="m5_cart">
			<feature name="slot" value="ram"/>
			<dataarea name="ram" size="65536">
			</dataarea>
			<dataarea name="rom" size="20480">
				<rom name="basic-f (198x)(sord)(jp).bin" size="20480" crc="47be051f" sha1="9942b8f05a441b5dee7ab31ec5b8a643f7e268b8" offset="00000"/>
			</dataarea>
		</part>
	</software>

	<software name="64krx" supported="no">
		<description>64Krx Expansion board 64Kb</description>
		<year>199?</year>
		<publisher>unknown</publisher>
		<part name="cart" interface="m5_cart">
			<feature name="slot" value="ram"/>
			<dataarea name="ram" size="65536">
			</dataarea>
			<dataarea name="rom" size="0x16000">
				<rom name="krx_rom2.rom" size="0x2000" crc="5af18fbd" sha1="cd67d65fb51cdb3a47cc8350a878a77360a353c8" offset="0x0000"/>
				<rom name="basic-i (198x)(sord)(jp).bin" size="0x2000" crc="9a98e6ce" sha1="d11f7623919ee593e275e9f00f8a4acf7aed3cf5" offset="0x2000"/>
				<rom name="krx_rom4.rom" size="0x4000" crc="27ffb883" sha1="be930946e7cd5f0f3e803792906e087cce122703" offset="0x6000"/>
				<rom name="krx_rom5.rom" size="0x4000" crc="107b5ddc" sha1="071fa84c7b10d9d7841c504564825609ebf66140" offset="0xa000"/>
				<rom name="krx_rom6.rom" size="0x4000" crc="4d6e9c1a" sha1="d8bf96fc4016e245fd84d713fd988dd503a38d0b" offset="0xe000"/>
				<rom name="krx_rom7.rom" size="0x4000" crc="4ef7830a" sha1="9527236af9dd0db25498f4029793703ba8672af5" offset="0x12000"/>
			</dataarea>
		</part>
	</software>

	<!-- Brno mod ROMs -->

	<software name="brno_con" supported="no">
		<description>Boot for Brno ramdisk [console version]</description>
		<year>1989</year>
		<publisher>&lt;Pavel Brychta a spol.&gt;</publisher>
		<part name="cart" interface="m5_cart">
			<dataarea name="rom" size="3456">
				<rom name="brno_boot.rom" size="3456" crc="60008729" sha1="fb26e2ae9f74b0ae0d723b417a038a8ef3d72782" offset="00000"/>
			</dataarea>
		</part>
	</software>

	<software name="brno_win" supported="no">
		<description>Boot for Brno ramdisk [windows version]</description>
		<year>1989</year>
		<publisher>&lt;Ladislav Novak&gt;</publisher>
		<part name="cart" interface="m5_cart">
			<dataarea name="rom" size="8192">
				<rom name="brno_win.rom" size="8192" crc="f4cfb2ee" sha1="23f41d2d9ac915545409dd0163f3dc298f04eea2" offset="00000"/>
			</dataarea>
		</part>
	</software>

</softwarelist>
