<?xml version="1.0"?>
<!DOCTYPE softwarelist SYSTEM "softwarelist.dtd">
<!--
Usage details:

Mode refers to the BASIC version the software requires on Mk II machines:
Mode 1: N60 BASIC (16K)
Mode 2: N60 BASIC (32K)
Mode 3: N60 EXTENDED BASIC (16K)
Mode 4: N60 EXTENDED BASIC (32K)
Mode 5: N60m BASIC (64K)

Modes 1 & 2 correspond to the original PC-6001 BASIC versions.
Modes 3 & 4 correspond to the original PC-6001 running the N60 Extended BASIC cartridge.
A mode does not need to be selected on the original PC-6001.

The Page value should be entered at the 'How Many Pages?' prompt in all versions of BASIC.

Once in BASIC, enter CLOAD then press ENTER, then RUN then ENTER once loading completes.
-->
<softwarelist name="pc6001_cass" description="NEC PC-6001 cassettes">

	<software name="amazon" supported="partial">
		<description>The Amazon</description>
		<year>19??</year>
		<publisher>T. Katayama</publisher>
		<info name="usage" value="Mode 2, Page 3" />
		<part name="cart" interface="pc6001_cass">
			<dataarea name="rom" size="15260">
				<rom name="amazon.cas" size="15260" crc="0b154850" sha1="a616b6d8852bea0fae27241ab7a0d5c81014e0e0"/>
			</dataarea>
		</part>
	</software>

	<software name="amita" supported="partial">
		<description>Amita</description>
		<year>19??</year>
		<publisher>&lt;unknown&gt;</publisher>
		<info name="usage" value="Mode 1, Page 2" />
		<part name="cart" interface="pc6001_cass">
			<dataarea name="rom" size="2755">
				<rom name="amita.cas" size="2755" crc="fbb5ec19" sha1="dc49c616fb7822f21ca895bbb5f3b16924d306d8"/>
			</dataarea>
		</part>
	</software>

	<software name="block" supported="partial">
		<description>Block</description>
		<year>19??</year>
		<publisher>&lt;unknown&gt;</publisher>
		<info name="usage" value="Mode 1, Page 2" />
		<part name="cart" interface="pc6001_cass">
			<dataarea name="rom" size="4837">
				<rom name="block.cas" size="4837" crc="b0bad3d9" sha1="01b2da04a6d8c5766dcd765994d142bd18dcce73"/>
			</dataarea>
		</part>
	</software>

	<software name="brkthru" supported="partial">
		<description>Break Through</description>
		<year>19??</year>
		<publisher>Compac</publisher>
		<info name="usage" value="Mode 2, Page 2" />
		<info name="alt_title" value="ブレイク・スルー"/>
		<part name="cart" interface="pc6001_cass">
			<dataarea name="rom" size="24029">
				<rom name="break through.cas" size="24029" crc="929dd694" sha1="8e9d3d90a0c506cfcde12139258050cd8608bc5d"/>
			</dataarea>
		</part>
	</software>

	<software name="doordoor" supported="partial">
		<description>Door Door</description>
		<year>1984</year>
		<publisher>Enix</publisher>
		<info name="usage" value="Mode 2, Page 2" />
		<info name="alt_title" value="ドアドア"/>
		<part name="cart" interface="pc6001_cass">
			<dataarea name="rom" size="32221">
				<rom name="door door.p6" size="32221" crc="3bc496a3" sha1="f89c8ab94cf0004303714f605739efc0abf2a608"/>
			</dataarea>
		</part>
	</software>

	<software name="earthbnd" supported="partial">
		<description>Earthbound</description>
		<year>1984</year>
		<publisher>Xtal Soft</publisher>
		<info name="usage" value="Mode 2, Page 2" />
		<info name="alt_title" value="アースバウンド"/>
		<part name="cart" interface="pc6001_cass">
			<dataarea name="rom" size="41241">
				<rom name="earth bound.cas" size="41241" crc="1c4cafba" sha1="d9d8b4088e1bc2cd3d7df9f238215f41bc4ae065"/>
			</dataarea>
		</part>
	</software>

	<software name="eggy" supported="partial">
		<description>Eggy</description>
		<year>1984</year>
		<publisher>Bothtec</publisher>
		<info name="usage" value="Mode 2, Page 1" />
		<info name="alt_title" value="エギー"/>
		<part name="cart" interface="pc6001_cass">
			<dataarea name="rom" size="22307">
				<rom name="eggy.cas" size="22307" crc="3c9e47d2" sha1="885c4964480dfcd12164a1ebab0f95aecd06cf2d"/>
			</dataarea>
		</part>
	</software>

	<software name="headon" supported="partial">
		<description>Head On</description>
		<year>1982</year>
		<publisher>ASCII</publisher>
		<info name="usage" value="Mode 1, Page 1" />
		<info name="alt_title" value="ヘッド・オン"/>
		<part name="cart" interface="pc6001_cass">
			<dataarea name="rom" size="5711">
				<rom name="head on.cas" size="5711" crc="91f7d594" sha1="e64442f2c32f0a7b6c62e1adcc4555fcc8149b66"/>
			</dataarea>
		</part>
	</software>

	<software name="jintori" supported="partial">
		<description>Jintori Game</description>
		<year>19??</year>
		<publisher>Hudson Soft</publisher>
		<info name="usage" value="Mode 1, Page 2" />
		<part name="cart" interface="pc6001_cass">
			<dataarea name="rom" size="1766">
				<rom name="jintori game.cas" size="1766" crc="34f9764d" sha1="2b3e72cb3ac41fb8de50111a9fe78797b1628ae1"/>
			</dataarea>
		</part>
	</software>

	<software name="power" supported="partial">
		<description>Power Knight</description>
		<year>19??</year>
		<publisher>&lt;unknown&gt;</publisher>
		<info name="usage" value="Mode 1, Page 1" />
		<part name="cart" interface="pc6001_cass">
			<dataarea name="rom" size="13612">
				<rom name="power.cas" size="13612" crc="9252969e" sha1="e0e3b0582c8c17d7f738dd2f61a9933420435283"/>
			</dataarea>
		</part>
	</software>

	<software name="proracer" supported="partial">
		<description>Pro Racer</description>
		<year>19??</year>
		<publisher>Hudson Soft</publisher>
		<info name="usage" value="Mode 1, Page 2" />
		<part name="cart" interface="pc6001_cass">
			<dataarea name="rom" size="8504">
				<rom name="pro racer.cas" size="8504" crc="52624dc8" sha1="9e0c8c59f583b4204d52514fc3bbbd2dfb765b8c"/>
			</dataarea>
		</part>
	</software>

	<software name="pyramid" supported="partial">
		<description>Pyramid</description>
		<year>1983</year>
		<publisher>Magic Soft</publisher>
		<info name="usage" value="Mode 2, Page 1" />
		<info name="alt_title" value="ピラミッド"/>
		<part name="cart" interface="pc6001_cass">
			<dataarea name="rom" size="15263">
				<rom name="pyramid.cas" size="15263" crc="7d3b4628" sha1="e1be45b435d599d3f7444f159c538e093ba63f3f"/>
			</dataarea>
		</part>
	</software>

	<software name="spcenemy" supported="partial">
		<description>Space Enemy</description>
		<year>1982</year>
		<publisher>ASCII</publisher>
		<info name="usage" value="Mode 4, Page 3 - PC-6001 requires N60 Extended BASIC cartridge" />
		<info name="alt_title" value="スペース・エネミー"/>
		<sharedfeat name="requirement" value="pc6001_cart:n60basic"/>
		<part name="cart" interface="pc6001_cass">
			<dataarea name="rom" size="5579">
				<rom name="space enemy.cas" size="5579" crc="6601f428" sha1="4d922cef648f9efe001f25920bf1874ca5cbde52"/>
			</dataarea>
		</part>
	</software>

	<software name="suprball" supported="partial">
		<description>Super Ball</description>
		<year>19??</year>
		<publisher>&lt;unknown&gt;</publisher>
		<info name="usage" value="Mode 2, Page 2" />
		<part name="cart" interface="pc6001_cass">
			<dataarea name="rom" size="18114">
				<rom name="super ball.p6" size="18114" crc="a7923430" sha1="01cb476f5e127176290949ff273cac0c6ffe5c49"/>
			</dataarea>
		</part>
	</software>

	<software name="trickboy" supported="partial">
		<description>Trick Boy</description>
		<year>1982</year>
		<publisher>T&amp;E Soft</publisher>
		<info name="usage" value="Mode 2, Page 2" />
		<info name="alt_title" value="トリックボーイ"/>
		<part name="cart" interface="pc6001_cass">
			<dataarea name="rom" size="25800">
				<rom name="trick boy.cas" size="25800" crc="dfad3c61" sha1="39798e7f7cb2802d977f5124dd053a0d85d4c018"/>
			</dataarea>
		</part>
	</software>

	<software name="txevious" supported="partial">
		<description>Tiny Xevious</description>
		<year>1984</year>
		<publisher>Dempa Micomsoft</publisher>
		<info name="usage" value="Mode 4, Page 2 - PC-6001 requires N60 Extended BASIC cartridge" />
		<info name="alt_title" value="タイニーゼビウス"/>
		<sharedfeat name="requirement" value="pc6001_cart:n60basic"/>
		<part name="cart" interface="pc6001_cass">
			<dataarea name="rom" size="17741">
				<rom name="tiny xevious.cas" size="17741" crc="5e9e2dbf" sha1="90e2b187f3b042ef1883105a34e83fe69a58e38f"/>
			</dataarea>
		</part>
	</software>

</softwarelist>
