<?xml version="1.0"?>
<!DOCTYPE softwarelist SYSTEM "softwarelist.dtd">
<!--
license:CC0-1.0

From Krugman set unless otherwise specified.

NOTE:
- Add only stuff that doesn't fail in emulation with an "I/O Error" or a fail1 at mount,
  make sure you prefix with pc98_flop_orig:* when testing (in case there's a pc98 alias already).
  Add a single line FIXME note instead, check this file for usage, optionally enable LOG_COMMAND in
  machine/upd765.cpp and check what chrn keeps repeating.
- No .d88 here, use base pc98[_flop].xml for those.

-->
<softwarelist name="pc98_flop_orig" description="NEC PC-98 original disk images">

<!-- !Games -->

	<!-- FIXME: Aggres (Riverhill Soft) disk B throws "fail1" (2D interface) -->
	<!-- FIXME: Cruise Chaser Blassty (Square) both disks throws "fail1" -->

	<software name="crux">
		<description>Crux</description>
		<year>1987</year>
		<publisher>コムパック (Compac)</publisher>
		<info name="alt_title" value="クラックス" />
		<info name="release" value="198703xx" />
		<part name="flop1" interface="floppy_5_25">
			<dataarea name="flop" size="6144648">
				<rom name="crux.mfi" size="6144648" crc="e1870c00" sha1="748096b8c781453bf0a8a1a4f28a9deced38aa23" offset="0" />
			</dataarea>
		</part>
	</software>

	<software name="cyclefgt" supported="yes">
		<description>Cycle Fight</description>
		<year>1992</year>
		<publisher>コムパック (Compac)</publisher>
		<notes><![CDATA[
No cross cut on some line elements behind hills (verify)
]]></notes>
		<info name="alt_title" value="サイクルファイト" />
		<info name="release" value="19921217" />
		<part name="flop1" interface="floppy_5_25">
			<feature name="part_id" value="Program Disk"/>
			<dataarea name="flop" size="6949499">
				<rom name="cycle fight (program disk).mfi" size="6949499" crc="1904e4d1" sha1="c214a4fd627a93d4037827cb7ab07bf03f6b8c0c" offset="0" />
			</dataarea>
		</part>
		<part name="flop2" interface="floppy_5_25">
			<feature name="part_id" value="Data Disk"/>
			<dataarea name="flop" size="8573549">
				<rom name="cycle fight (data disk).mfi" size="8573549" crc="bfb70201" sha1="5cb9c10bf6b6d46fe5e3e513c2aa4ef209273d84" offset="0" />
			</dataarea>
		</part>
	</software>

	<!-- FIXME: Dennou Suikoden (Hot-B / Gamu) both disks throws "fail1" -->

	<software name="dna">
		<description>DNA</description>
		<year>1987</year>
		<publisher>グレイ (Gray)</publisher>
		<info name="alt_title" value="ドナ" />
		<info name="release" value="198708xx" />
		<part name="flop1" interface="floppy_5_25">
			<dataarea name="flop" size="4985494">
				<rom name="dna.mfi" size="4985494" crc="1e967aba" sha1="722d7b9575536904754f8e35ff82d33c25d79c2d" offset="0" />
			</dataarea>
		</part>
	</software>

	<software name="elysion" supported="no">
		<description>Elysion (2HD version)</description>
		<year>1986</year>
		<publisher>システムソフト (SystemSoft)</publisher>
		<notes><![CDATA[
Incompatible with anything prior to pc9801vm (i.e. requires the [PC-9801-24] 16 color card)
"DISK I/O ERROR!! 48" when formatting user disk
]]></notes>
		<info name="alt_title" value="エリュシオン" />
		<part name="flop1" interface="floppy_5_25">
			<feature name="part_id" value="System Disk"/>
			<dataarea name="flop" size="4952374">
				<rom name="elysion (system disk).mfi" size="4952374" crc="34cb6b44" sha1="cb7d573e4c19b14933f25464215965a38061a7b5" offset="0" />
			</dataarea>
		</part>
	</software>

	<!-- FIXME: Gaiflame (NCS) has sector crossing the index (same as Genesis) -->

	<software name="genesis" supported="no">
		<description>Genesis</description>
		<year>1985</year>
		<publisher>スクウェア (Square)</publisher>
		<notes><![CDATA[
Fails at PC=0279D, goes on title screen by forcing aw=dw but then crashes with "E:" error
]]></notes>
		<info name="alt_title" value="ジェネシス" />
		<info name="release" value="198510xx" />
		<part name="flop1" interface="floppy_5_25">
			<dataarea name="flop" size="6093271">
				<rom name="genesis.mfi" size="6093271" crc="4e55149d" sha1="7be605b47a74e57f35b4a0f03f83c481b529decd" offset="0" />
			</dataarea>
		</part>
	</software>

	<!-- FIXME: Kairei naru Erotic Memory (Dott Plan) 3.5" that triggers a few undefined opcodes after N88 Basic load -->

	<software name="kazeslow">
		<description>Kaze, Slowdown</description>
		<year>1992</year>
		<publisher>First Quarter</publisher>
		<info name="alt_title" value="風、スローダウン" />
		<info name="release" value="19920820" />
		<part name="flop1" interface="floppy_5_25">
			<feature name="part_id" value="Disk A"/>
			<dataarea name="flop" size="4445981">
				<rom name="kaze, slowdown (disk a).mfi" size="4445981" crc="932457b0" sha1="498ced4b5e9ea48b12684b70158a4104596e2d1a" offset="0" />
			</dataarea>
		</part>
	</software>

	<software name="mirai" supported="no">
		<description>Mirai</description>
		<year>1986</year>
		<publisher>ザインソフト (Sein Soft)</publisher>
		<notes><![CDATA[
Stuck [PC-9801-26] note on title screen (verify)
Runs a bit too fast (verify)
GFX trails on backgrounds [GRCG] or [7220]
Hangs when accessing first diamond shaped portal
]]></notes>
		<info name="alt_title" value="未来" />
		<info name="release" value="198611xx" />
		<info name="usage" value="Intended for pc9801u and pc9801uv only. Press STOP key during intro to start a new game" />
		<part name="flop1" interface="floppy_3_5">
			<!-- baddump: non-factory default save, starts in planet 3 -->
			<dataarea name="flop" size="6280416">
				<rom name="mirai.mfi" size="6280416" crc="8594cbfe" sha1="563dd1b4a39d51059b6b014e9ca532a632cdfe67" offset="0" status="baddump" />
			</dataarea>
		</part>
	</software>

	<software name="moonchil" supported="no">
		<description>Moon Child</description>
		<year>1987</year>
		<publisher>HOT・B</publisher>
		<notes><![CDATA[
Crashes when starting a new game
]]></notes>
		<info name="alt_title" value="ムーンチャイルド" />
		<info name="release" value="1987xxxx" />
		<!-- GA夢 -->
		<info name="developer" value="Gamu" />
		<!-- TODO: just wants an empty disk unlike pc8801 and mz2500 versions? -->
		<part name="flop1" interface="floppy_5_25">
			<dataarea name="flop" size="5080909">
				<rom name="moon child.mfi" size="5080909" crc="42606fd6" sha1="53f75f30b954bf62bc8a803f7ba0a7380ecf05d9" offset="0" />
			</dataarea>
		</part>
	</software>

	<!-- FIXME: Soapland Story (Hard) has GFX glitch on title screen -->

	<!-- dumped by Peredonov -->
	<software name="tritorn" supported="no">
		<description>Tritorn</description>
		<year>1986</year>
		<publisher>ザインソフト (Zain Soft)</publisher>
		<notes><![CDATA[
Throws a segmentation fault when mounted on pc9801f in mfi_format::load
Runs too fast on pc9801vm (definitely intended for a 5 MHz machine)
]]></notes>
		<info name="alt_title" value="トリトーン" />
		<info name="release" value="198611xx" />
		<part name="flop1" interface="floppy_5_25">
			<dataarea name="flop" size="3834564">
				<rom name="tritorn.mfi" size="3834564" crc="567b8211" sha1="fcd4f106addfb09c6fa45fad7f0c76b97567cc75" offset="0" />
			</dataarea>
		</part>
	</software>

	<!-- FIXME: Ulysses (StarCraft): both disks throws "fail1" (2D interface) -->
	<!-- FIXME: Val Trad (Riverhill Soft): both disks throws "fail1" -->
	<!-- FIXME: Youtoden (SystemSoft): I/O Error, chrn=(0, 1, 4, 1024) -->

</softwarelist>
